Workbook
Name Birth_Date: #REF!
Name Birth_Date: #REF!
Name Birth_Date: #REF!
Name Birth_Date: #REF!
Name Birth_Date: #REF!
Name Birth_Date: #REF!
Name Birth_Date: #REF!
Name Birth_Date: #REF!
Name Birth_Date: #REF!
Name Category_ID: #REF!
Name Category_ID: #REF!
Name Category_ID: #REF!
Name Category_ID: #REF!
Name Category_ID: #REF!
Name Category_ID: #REF!
Name Category_ID: #REF!
Name Category_ID: #REF!
Name Category_ID: #REF!
Name Category_ID: #REF!
Name Category_ID: #REF!
Name Category_ID: #REF!
Name Category_Name: #REF!
Name Category_Name: #REF!
Name Category_Name: #REF!
Name Category_Name: #REF!
Name Category_Name: #REF!
Name Category_Name: #REF!
Name Category_Name: #REF!
Name Category_Name: #REF!
Name Category_Name: #REF!
Name Category_Name: #REF!
Name Category_Name: #REF!
Name Category_Name: #REF!
Name date: [1]list01!$G$1:$G$31
Name date: [1]list01!$G$1:$G$31
Name date: [1]list01!$G$1:$G$31
Name date: [1]list01!$G$1:$G$31
Name date: [1]list01!$G$1:$G$31
Name date: [1]list01!$G$1:$G$31
Name date: [1]list01!$G$1:$G$31
Name date: [1]list01!$G$1:$G$31
Name date: [1]list01!$G$1:$G$31
Name date: [1]list01!$G$1:$G$31
Name date: [1]list01!$G$1:$G$31
Name date: [1]list01!$G$1:$G$31
Name date: [2]list01!$G$1:$G$31
Name date: ข้อมูลพื้นฐาน!$G$1:$G$39
Name Description: #REF!
Name Description: #REF!
Name Description: #REF!
Name Description: #REF!
Name Description: #REF!
Name Description: #REF!
Name Description: #REF!
Name Description: #REF!
Name Description: #REF!
Name Description: #REF!
Name Description: #REF!
Name Description: #REF!
Name Down: [3]คำแนะนำ!#REF!

Sheet HOME
A1: ปพ.5 และ ปพ.6 อัตโนมัติ
A2: สำหรับครูประจำชั้นประถมศึกษา(Version 1.6 ) ปีการศึกษา 2564
A3: จัดทำโดยครูสันติ โลมาอินทร์
A22: หมายเหตุ | B22: ใช้ตัวอักษรแบบ TH SarabunPSK
C23: สีเหลือง กรอกข้อมูลให้ครบแต่ไม่ต้องพิมพ์
C24: สีเขียว กรอกข้อมูลให้ครบ
C25: ปริ้นแล้วกรอกข้อมูลด้วยตนเอง
C26: สีแดงระบบจะทำงานอัตโนมัติ

Sheet ข้อมูลพื้นฐาน
A1: ข้อมูลพื้นฐาน
A3: โรงเรียน | B3: บ้านคลองน้ำโจน สาขาบ้านสระหลวง | K3: นายทะเบียนวัดและประเมินผล
A4: สังกัด | B4: สำนักงานเขตพื้นที่การศึกษาประถมศึกษา นครสวรรค์ เขต 2 | K4: รองผู้อำนวยการ
A5: ตำบล | B5: แม่วงก์ | H5: มาเรียน | I5: / | K5: หัวหน้าวิชาการ
A6: อำเภอ | B6: แม่วงก์ | H6: ป่วย | I6: ป
A7: จังหวัด | B7: นครสวรรค์ | H7: ลา | I7: ล
A8: ปีการศึกษา | B8: 2565 | H8: ขาดเรียน | I8: ข
A9: ระดับชั้นประถมศึกษาปีที่
A10: ครูประจำชั้น
A11: ชื่อผู้บริหารสถานศึกษา/รักษาการในตำแหน่ง | G11: ตำแหน่ง | H11: ผู้อำนวยการ
A12: นายทะเบียนวัดและประเมินผล
A13: วันอนุมัติผล | C13: เดือน | E13: พ.ศ.
A14: วิชาพื้นฐาน | B14: ครูประจำวิชา | C14: รหัสวิชา | D14: สัดส่วนคะแนน | F14: ตัวชี้วัด/ภาคเรียน | H14: น้ำหนัก/หน่วย/ปี
A15: ภาษาไทย | D15: 70 | E15: 30
A16: คณิตศาสตร์ | D16: 70 | E16: 30
A17: วิทยาศาสตร์และเทคโนโลยี | D17: 70 | E17: 30
A18: สังคมศึกษา ศาสนา และวัฒนธรรม | D18: 70 | E18: 30
A19: ประวัติศาสตร์ | D19: 80 | E19: 20
A20: สุขศึกษาและพลศึกษา | D20: 80 | E20: 20
A21: ศิลปะ | D21: 80 | E21: 20
A22: การงานอาชีพ | D22: 80 | E22: 20
A23: ภาษาอังกฤษ | D23: 70 | E23: 30
A24: วิชาเพิ่มเติม | B24: ครูประจำวิชา | C24: รหัสวิชา | D24: สัดส่วนคะแนน | F24: ตัวชี้วัด/ภาคเรียน | H24: น้ำหนัก/หน่วย/ปี
A25: ภาษาอังกฤษเพื่อการสื่อสาร | D25: 80 | E25: 20
H37: =SUM(H15:H36) -> 0

Sheet กรอกข้อมูล นร1
A2: ="ข้อมูลเกี่ยวข้องกับนักเรียนชั้นประถมศึกษาปีที่ "&ข้อมูลพื้นฐาน!B9&" ปีการศึกษา "&ข้อมูลพื้นฐาน!B8 -> ข้อมูลเกี่ยวข้องกับนักเรียนชั้นประถมศึกษาปีที่ ปีการศึกษา 2565 | G2: ="ข้อมูลเกี่ยวข้องกับนักเรียนชั้นประถมศึกษาปีที่ "&ข้อมูลพื้นฐาน!B9&" ปีการศึกษา "&ข้อมูลพื้นฐาน!B8 -> ข้อมูลเกี่ยวข้องกับนักเรียนชั้นประถมศึกษาปีที่ ปีการศึกษา 2565 | N2: =G2 -> ข้อมูลเกี่ยวข้องกับนักเรียนชั้นประถมศึกษาปีที่ ปีการศึกษา 2565 | S2: =N2 -> ข้อมูลเกี่ยวข้องกับนักเรียนชั้นประถมศึกษาปีที่ ปีการศึกษา 2565
A3: เลขที่ | B3: เลข | C3: ชื่อ-ชื่อสกุล | D3: ข้อมูลนักเรียน | G3: เลขที่ | H3: ชื่อเล่น | I3: เชื้อชาติ | J3: สัญชาติ | K3: ศาสนา | L3: ชื่อบิดา | M3: อาชีพ | N3: ชื่อ มารดา | O3: อาชีพ | P3: ชื่อ-สกุลผู้ปกครอง | Q3: อาชีพ | R3: เกี่ยวข้องเป็น | S3: ที่อยู่ปัจจุบัน
B4: ประจำตัว | D4: เลขประจำตัวประชาชน | E4: ย้าย | F4: วัน/เดือน/ปี เกิด | S4: บ้านเลขที่ | T4: ถนน | U4: ซอย | V4: หมู่ | W4: ตำบล | X4: อำเภอ | Y4: จังหวัด | Z4: โทรศัพท์
A5: 1 | G5: =IF(A5,A5,"") -> 1
G6: =IF(A6,A6,"")
G7: =IF(A7,A7,"")
G8: =IF(A8,A8,"")
G9: =IF(A9,A9,"")
G10: =IF(A10,A10,"")
G11: =IF(A11,A11,"")
G12: =IF(A12,A12,"")
G13: =IF(A13,A13,"")
G14: =IF(A14,A14,"")
G15: =IF(A15,A15,"")
G16: =IF(A16,A16,"")
G17: =IF(A17,A17,"")
... G54: =IF(A54,A54,"")
E58: จำนวนนักเรียน เมื่อต้นปีการศึกษา | N58: =IF(COUNTA(C5:C54),COUNTA(C5:C54),"-") -> - | O58: คน
E59: จำนวนนักเรียน ออกระหว่างปี | N59: =IF(COUNTIF(E5:E54,"ย้าย"),COUNTIF(E5:E54,"ย้าย"),"0") -> 0 | O59: คน
E60: จำนวนนักเรียน เมื่อสิ้นปีการศึกษา | N60: =N58-N59 -> #VALUE! | O60: คน
C64: ย้าย

Sheet ภาพนักเรียน
A1: รูปภาพนักเรียนขนาด 4x5 ซม. | D1: *ควรลดขนาดภาพก่อนแทรกเพราะจะทำให้ไฟล์งานไม่ใหญ่เกินไป
A4: เลขที่ | B4: ชื่อ - สกุล | C4: ภาพนักเรียน
A5: =น้ำหนักส่วนสูง!A3 -> 1 | B5: =น้ำหนักส่วนสูง!B3
A6: =น้ำหนักส่วนสูง!A4 -> 2 | B6: =น้ำหนักส่วนสูง!B4
A7: =น้ำหนักส่วนสูง!A5 -> 3 | B7: =น้ำหนักส่วนสูง!B5
A8: =น้ำหนักส่วนสูง!A6 -> 4 | B8: =น้ำหนักส่วนสูง!B6
A9: =น้ำหนักส่วนสูง!A7 -> 5 | B9: =น้ำหนักส่วนสูง!B7
A10: =น้ำหนักส่วนสูง!A8 -> 6 | B10: =น้ำหนักส่วนสูง!B8
A11: =น้ำหนักส่วนสูง!A9 -> 7 | B11: =น้ำหนักส่วนสูง!B9
A12: =น้ำหนักส่วนสูง!A10 -> 8 | B12: =น้ำหนักส่วนสูง!B10
A13: =น้ำหนักส่วนสูง!A11 -> 9 | B13: =น้ำหนักส่วนสูง!B11
A14: =น้ำหนักส่วนสูง!A12 -> 10 | B14: =น้ำหนักส่วนสูง!B12
A15: =น้ำหนักส่วนสูง!A13 -> 11 | B15: =น้ำหนักส่วนสูง!B13
A16: =น้ำหนักส่วนสูง!A14 -> 12 | B16: =น้ำหนักส่วนสูง!B14
... A54: =น้ำหนักส่วนสูง!A52 -> 50 | B54: =น้ำหนักส่วนสูง!B52

Sheet น้ำหนักส่วนสูง
A1: เลขที่ | B1: ชื่อ-ชื่อสกุล | C1: น้ำหนัก(กก.) | D1: ส่วนสูง(ซม) | E1: น้ำหนัก(กก.) | F1: ส่วนสูง(ซม) | G1: น้ำหนัก(กก.) | H1: ส่วนสูง(ซม) | I1: น้ำหนัก(กก.) | J1: ส่วนสูง(ซม)
C2: พฤษภาคม | E2: สิงหาคม | G2: พฤศจิกายน | I2: กุมภาพันธ์
A3: 1 | B3: =เวลาเรียน1!D7&""
A4: 2 | B4: =เวลาเรียน1!D8&"" | K4: คำชี้แจง : กรอกน้ำหนักและส่วนสูงของนักเรียน
A5: 3 | B5: =เวลาเรียน1!D9&""
A6: 4 | B6: =เวลาเรียน1!D10&""
A7: 5 | B7: =เวลาเรียน1!D11&""
A8: 6 | B8: =เวลาเรียน1!D12&""
A9: 7 | B9: =เวลาเรียน1!D13&""
A10: 8 | B10: =เวลาเรียน1!D14&""
A11: 9 | B11: =เวลาเรียน1!D15&""
A12: 10 | B12: =เวลาเรียน1!D16&""
A13: 11 | B13: =เวลาเรียน1!D17&""
A14: 12 | B14: =เวลาเรียน1!D18&""
A15: 13 | B15: =เวลาเรียน1!D19&""
A16: 14 | B16: =เวลาเรียน1!D20&""
... A52: 50 | B52: =เวลาเรียน1!D56&""

Sheet หน้าปก ปพ.5
W1: ปพ.5
A3: แบบบันทึกผลการพัฒนาคุณภาพผู้เรียน
A4: ="โรงเรียน"&ข้อมูลพื้นฐาน!B3&" "&ข้อมูลพื้นฐาน!B4 -> โรงเรียนบ้านคลองน้ำโจน สาขาบ้านสระหลวง สำนักงานเขตพื้นที่การศึกษาประถมศึกษา นครสวรรค์ เขต 2
A5: ="ตำบล"&ข้อมูลพื้นฐาน!B5&" อำเภอ"&ข้อมูลพื้นฐาน!B6&" จังหวัด"&ข้อมูลพื้นฐาน!B7 -> ตำบลแม่วงก์ อำเภอแม่วงก์ จังหวัดนครสวรรค์
A6: ="ระดับชั้นประถมศึกษาปีที่ "&ข้อมูลพื้นฐาน!B9&" ปีการศึกษา "&ข้อมูลพื้นฐาน!B8 -> ระดับชั้นประถมศึกษาปีที่ ปีการศึกษา 2565
A7: ="ครูประจำชั้น "&ข้อมูลพื้นฐาน!B10 &" "&ข้อมูลพื้นฐาน!D10 -> ครูประจำชั้น
A8: ="ผู้อำนวยการโรงเรียน "&ข้อมูลพื้นฐาน!B11 -> ผู้อำนวยการโรงเรียน
H9: จำนวนนักเรียนที่ประเมินผลเมื่อสิ้นปีการศึกษา | Q9: ='กรอกข้อมูล นร1'!N60 -> #VALUE! | R9: คน
I10: จำนวนนักเรียนที่ผ่านการประเมิน | P10: =สรุปคะแนนทั้งปี!F354 | Q10: คน
A11: 1.รายวิชา | I11: จำนวนนักเรียนที่ได้ระดับผลการเรียน | S11: จำนวนผู้เรียนที่ผ่านเกณฑ์การประเมิน
I12: 4 | J12: 3.5 | K12: 3 | L12: 2.5 | M12: 2 | N12: 1.5 | O12: 1 | P12: 0 | Q12: ผ่าน | R12: ไม่ผ่าน | S12: ดีเยี่ยม | U12: ดี | W12: ผ่าน
A14: =ข้อมูลพื้นฐาน!A15 -> ภาษาไทย | I14: =IF(COUNTIF(สรุปคะแนนทั้งปี!$E$8:$E$57,"4"),COUNTIF(สรุปคะแนนทั้งปี!$E$8:$E$57,"4"),"-") -> - | J14: =IF(COUNTIF(สรุปคะแนนทั้งปี!$E$8:$E$57,"3.5"),COUNTIF(สรุปคะแนนทั้งปี!$E$8:$E$57,"3.5"),"-") -> - | K14: =IF(COUNTIF(สรุปคะแนนทั้งปี!$E$8:$E$57,"3"),COUNTIF(สรุปคะแนนทั้งปี!$E$8:$E$57,"3"),"-") -> - | L14: =IF(COUNTIF(สรุปคะแนนทั้งปี!$E$8:$E$57,"2.5"),COUNTIF(สรุปคะแนนทั้งปี!$E$8:$E$57,"2.5"),"-") -> - | M14: =IF(COUNTIF(สรุปคะแนนทั้งปี!$E$8:$E$57,"2"),COUNTIF(สรุปคะแนนทั้งปี!$E$8:$E$57,"2"),"-") -> - | N14: =IF(COUNTIF(สรุปคะแนนทั้งปี!$E$8:$E$57,"1.5"),COUNTIF(สรุปคะแนนทั้งปี!$E$8:$E$57,"1.5"),"-") -> - | O14: =IF(COUNTIF(สรุปคะแนนทั้งปี!$E$8:$E$57,"1"),COUNTIF(สรุปคะแนนทั้งปี!$E$8:$E$57,"1"),"-") -> - | P14: =IF(COUNTIF(สรุปคะแนนทั้งปี!$E$8:$E$57,"0"),COUNTIF(สรุปคะแนนทั้งปี!$E$8:$E$57,"0"),"-") -> 1 | Q14: =IF(SUM(I14:O14),SUM(I14:O14),"-") -> - | R14: =IF(SUM(P14),SUM(P14),"-") -> 1 | S14: - | U14: - | W14: -
A15: =ข้อมูลพื้นฐาน!A16 -> คณิตศาสตร์ | I15: =IF(COUNTIF(สรุปคะแนนทั้งปี!I8:I57,"4"),COUNTIF(สรุปคะแนนทั้งปี!I8:I57,"4"),"-") -> - | J15: =IF(COUNTIF(สรุปคะแนนทั้งปี!I8:I57,"3.5"),COUNTIF(สรุปคะแนนทั้งปี!I8:I57,"3.5"),"-") -> - | K15: =IF(COUNTIF(สรุปคะแนนทั้งปี!I8:I57,"3"),COUNTIF(สรุปคะแนนทั้งปี!I8:I57,"3"),"-") -> - | L15: =IF(COUNTIF(สรุปคะแนนทั้งปี!I8:I57,"2.5"),COUNTIF(สรุปคะแนนทั้งปี!I8:I57,"2.5"),"-") -> - | M15: =IF(COUNTIF(สรุปคะแนนทั้งปี!I8:I57,"2"),COUNTIF(สรุปคะแนนทั้งปี!I8:I57,"2"),"-") -> - | N15: =IF(COUNTIF(สรุปคะแนนทั้งปี!I8:I57,"1.5"),COUNTIF(สรุปคะแนนทั้งปี!I8:I57,"1.5"),"-") -> - | O15: =IF(COUNTIF(สรุปคะแนนทั้งปี!I8:I57,"1"),COUNTIF(สรุปคะแนนทั้งปี!I8:I57,"1"),"-") -> - | P15: =IF(COUNTIF(สรุปคะแนนทั้งปี!I8:I57,"0"),COUNTIF(สรุปคะแนนทั้งปี!I8:I57,"0"),"-") -> 1 | Q15: =IF(SUM(I15:O15),SUM(I15:O15),"-") -> - | R15: =IF(SUM(P15),SUM(P15),"-") -> 1 | S15: - | U15: - | W15: -
A16: =ข้อมูลพื้นฐาน!A17 -> วิทยาศาสตร์และเทคโนโลยี | I16: =IF(COUNTIF(สรุปคะแนนทั้งปี!M8:M57,"4"),COUNTIF(สรุปคะแนนทั้งปี!M8:M57,"4"),"-") -> - | J16: =IF(COUNTIF(สรุปคะแนนทั้งปี!M8:M57,"3.5"),COUNTIF(สรุปคะแนนทั้งปี!M8:M57,"3.5"),"-") -> - | K16: =IF(COUNTIF(สรุปคะแนนทั้งปี!M8:M57,"3"),COUNTIF(สรุปคะแนนทั้งปี!M8:M57,"3"),"-") -> - | L16: =IF(COUNTIF(สรุปคะแนนทั้งปี!M8:M57,"2.5"),COUNTIF(สรุปคะแนนทั้งปี!M8:M57,"2.5"),"-") -> - | M16: =IF(COUNTIF(สรุปคะแนนทั้งปี!M8:M57,"2"),COUNTIF(สรุปคะแนนทั้งปี!M8:M57,"2"),"-") -> - | N16: =IF(COUNTIF(สรุปคะแนนทั้งปี!M8:M57,"1.5"),COUNTIF(สรุปคะแนนทั้งปี!M8:M57,"1.5"),"-") -> - | O16: =IF(COUNTIF(สรุปคะแนนทั้งปี!M8:M57,"1"),COUNTIF(สรุปคะแนนทั้งปี!M8:M57,"1"),"-") -> - | P16: =IF(COUNTIF(สรุปคะแนนทั้งปี!M8:M57,"0"),COUNTIF(สรุปคะแนนทั้งปี!M8:M57,"0"),"-") -> 1 | Q16: =IF(SUM(I16:O16),SUM(I16:O16),"-") -> - | R16: =IF(SUM(P16),SUM(P16),"-") -> 1 | S16: - | U16: - | W16: -
A17: =ข้อมูลพื้นฐาน!A18 -> สังคมศึกษา ศาสนา และวัฒนธรรม | I17: =IF(COUNTIF(สรุปคะแนนทั้งปี!Q8:Q57,"4"),COUNTIF(สรุปคะแนนทั้งปี!Q8:Q57,"4"),"-") -> - | J17: =IF(COUNTIF(สรุปคะแนนทั้งปี!Q8:Q57,"3.5"),COUNTIF(สรุปคะแนนทั้งปี!Q8:Q57,"3.5"),"-") -> - | K17: =IF(COUNTIF(สรุปคะแนนทั้งปี!Q8:Q57,"3"),COUNTIF(สรุปคะแนนทั้งปี!Q8:Q57,"3"),"-") -> - | L17: =IF(COUNTIF(สรุปคะแนนทั้งปี!Q8:Q57,"2.5"),COUNTIF(สรุปคะแนนทั้งปี!Q8:Q57,"2.5"),"-") -> - | M17: =IF(COUNTIF(สรุปคะแนนทั้งปี!Q8:Q57,"2"),COUNTIF(สรุปคะแนนทั้งปี!Q8:Q57,"2"),"-") -> - | N17: =IF(COUNTIF(สรุปคะแนนทั้งปี!Q8:Q57,"1.5"),COUNTIF(สรุปคะแนนทั้งปี!Q8:Q57,"1.5"),"-") -> - | O17: =IF(COUNTIF(สรุปคะแนนทั้งปี!Q8:Q57,"1"),COUNTIF(สรุปคะแนนทั้งปี!Q8:Q57,"1"),"-") -> - | P17: =IF(COUNTIF(สรุปคะแนนทั้งปี!Q8:Q57,"0"),COUNTIF(สรุปคะแนนทั้งปี!Q8:Q57,"0"),"-") -> 1 | Q17: =IF(SUM(I17:O17),SUM(I17:O17),"-") -> - | R17: =IF(SUM(P17),SUM(P17),"-") -> 1 | S17: - | U17: - | W17: -
A18: =ข้อมูลพื้นฐาน!A19 -> ประวัติศาสตร์ | I18: =IF(COUNTIF(สรุปคะแนนทั้งปี!E68:E117,"4"),COUNTIF(สรุปคะแนนทั้งปี!E68:E117,"4"),"-") -> - | J18: =IF(COUNTIF(สรุปคะแนนทั้งปี!E68:E117,"3.5"),COUNTIF(สรุปคะแนนทั้งปี!E68:E117,"3.5"),"-") -> - | K18: =IF(COUNTIF(สรุปคะแนนทั้งปี!E68:E117,"3"),COUNTIF(สรุปคะแนนทั้งปี!E68:E117,"3"),"-") -> - | L18: =IF(COUNTIF(สรุปคะแนนทั้งปี!E68:E117,"2.5"),COUNTIF(สรุปคะแนนทั้งปี!E68:E117,"2.5"),"-") -> - | M18: =IF(COUNTIF(สรุปคะแนนทั้งปี!E68:E117,"2"),COUNTIF(สรุปคะแนนทั้งปี!E68:E117,"2"),"-") -> - | N18: =IF(COUNTIF(สรุปคะแนนทั้งปี!E68:E117,"1.5"),COUNTIF(สรุปคะแนนทั้งปี!E68:E117,"1.5"),"-") -> - | O18: =IF(COUNTIF(สรุปคะแนนทั้งปี!E68:E117,"1"),COUNTIF(สรุปคะแนนทั้งปี!E68:E117,"1"),"-") -> - | P18: =IF(COUNTIF(สรุปคะแนนทั้งปี!E68:E117,"0"),COUNTIF(สรุปคะแนนทั้งปี!E68:E117,"0"),"-") -> 1 | Q18: =IF(SUM(I18:O18),SUM(I18:O18),"-") -> - | R18: =IF(SUM(P18),SUM(P18),"-") -> 1 | S18: - | U18: - | W18: -
A19: =ข้อมูลพื้นฐาน!A20 -> สุขศึกษาและพลศึกษา | I19: =IF(COUNTIF(สรุปคะแนนทั้งปี!I68:I117,"4"),COUNTIF(สรุปคะแนนทั้งปี!I68:I117,"4"),"-") -> - | J19: =IF(COUNTIF(สรุปคะแนนทั้งปี!I68:I117,"3.5"),COUNTIF(สรุปคะแนนทั้งปี!I68:I117,"3.5"),"-") -> - | K19: =IF(COUNTIF(สรุปคะแนนทั้งปี!I68:I117,"3"),COUNTIF(สรุปคะแนนทั้งปี!I68:I117,"3"),"-") -> - | L19: =IF(COUNTIF(สรุปคะแนนทั้งปี!I68:I117,"2.5"),COUNTIF(สรุปคะแนนทั้งปี!I68:I117,"2.5"),"-") -> - | M19: =IF(COUNTIF(สรุปคะแนนทั้งปี!I68:I117,"2"),COUNTIF(สรุปคะแนนทั้งปี!I68:I117,"2"),"-") -> - | N19: =IF(COUNTIF(สรุปคะแนนทั้งปี!I68:I117,"1.5"),COUNTIF(สรุปคะแนนทั้งปี!I68:I117,"1.5"),"-") -> - | O19: =IF(COUNTIF(สรุปคะแนนทั้งปี!I68:I117,"1"),COUNTIF(สรุปคะแนนทั้งปี!I68:I117,"1"),"-") -> - | P19: =IF(COUNTIF(สรุปคะแนนทั้งปี!I68:I117,"0"),COUNTIF(สรุปคะแนนทั้งปี!I68:I117,"0"),"-") -> 1 | Q19: =IF(SUM(I19:O19),SUM(I19:O19),"-") -> - | R19: =IF(SUM(P19),SUM(P19),"-") -> 1 | S19: - | U19: - | W19: -
A20: =ข้อมูลพื้นฐาน!A21 -> ศิลปะ | I20: =IF(COUNTIF(สรุปคะแนนทั้งปี!M68:M117,"4"),COUNTIF(สรุปคะแนนทั้งปี!M68:M117,"4"),"-") -> - | J20: =IF(COUNTIF(สรุปคะแนนทั้งปี!M68:M117,"3.5"),COUNTIF(สรุปคะแนนทั้งปี!M68:M117,"3.5"),"-") -> - | K20: =IF(COUNTIF(สรุปคะแนนทั้งปี!M68:M117,"3"),COUNTIF(สรุปคะแนนทั้งปี!M68:M117,"3"),"-") -> - | L20: =IF(COUNTIF(สรุปคะแนนทั้งปี!M68:M117,"2.5"),COUNTIF(สรุปคะแนนทั้งปี!M68:M117,"2.5"),"-") -> - | M20: =IF(COUNTIF(สรุปคะแนนทั้งปี!M68:M117,"2"),COUNTIF(สรุปคะแนนทั้งปี!M68:M117,"2"),"-") -> - | N20: =IF(COUNTIF(สรุปคะแนนทั้งปี!M68:M117,"1.5"),COUNTIF(สรุปคะแนนทั้งปี!M68:M117,"1.5"),"-") -> - | O20: =IF(COUNTIF(สรุปคะแนนทั้งปี!M68:M117,"1"),COUNTIF(สรุปคะแนนทั้งปี!M68:M117,"1"),"-") -> - | P20: =IF(COUNTIF(สรุปคะแนนทั้งปี!M68:M117,"0"),COUNTIF(สรุปคะแนนทั้งปี!M68:M117,"0"),"-") -> 1 | Q20: =IF(SUM(I20:O20),SUM(I20:O20),"-") -> - | R20: =IF(SUM(P20),SUM(P20),"-") -> 1 | S20: - | U20: - | W20: -
A21: =ข้อมูลพื้นฐาน!A22 -> การงานอาชีพ | I21: =IF(COUNTIF(สรุปคะแนนทั้งปี!Q68:Q117,"4"),COUNTIF(สรุปคะแนนทั้งปี!Q68:Q117,"4"),"-") -> - | J21: =IF(COUNTIF(สรุปคะแนนทั้งปี!Q68:Q117,"3.5"),COUNTIF(สรุปคะแนนทั้งปี!Q68:Q117,"3.5"),"-") -> - | K21: =IF(COUNTIF(สรุปคะแนนทั้งปี!Q68:Q117,"3"),COUNTIF(สรุปคะแนนทั้งปี!Q68:Q117,"3"),"-") -> - | L21: =IF(COUNTIF(สรุปคะแนนทั้งปี!Q68:Q117,"2.5"),COUNTIF(สรุปคะแนนทั้งปี!Q68:Q117,"2.5"),"-") -> - | M21: =IF(COUNTIF(สรุปคะแนนทั้งปี!Q68:Q117,"2"),COUNTIF(สรุปคะแนนทั้งปี!Q68:Q117,"2"),"-") -> - | N21: =IF(COUNTIF(สรุปคะแนนทั้งปี!Q68:Q117,"1.5"),COUNTIF(สรุปคะแนนทั้งปี!Q68:Q117,"1.5"),"-") -> - | O21: =IF(COUNTIF(สรุปคะแนนทั้งปี!Q68:Q117,"1"),COUNTIF(สรุปคะแนนทั้งปี!Q68:Q117,"1"),"-") -> - | P21: =IF(COUNTIF(สรุปคะแนนทั้งปี!Q68:Q117,"0"),COUNTIF(สรุปคะแนนทั้งปี!Q68:Q117,"0"),"-") -> 1 | Q21: =IF(SUM(I21:O21),SUM(I21:O21),"-") -> - | R21: =IF(SUM(P21),SUM(P21),"-") -> 1 | S21: - | U21: - | W21: -
A22: =ข้อมูลพื้นฐาน!A23 -> ภาษาอังกฤษ | I22: =IF(COUNTIF(สรุปคะแนนทั้งปี!E128:E177,"4"),COUNTIF(สรุปคะแนนทั้งปี!E128:E177,"4"),"-") -> - | J22: =IF(COUNTIF(สรุปคะแนนทั้งปี!E128:E177,"3.5"),COUNTIF(สรุปคะแนนทั้งปี!E128:E177,"3.5"),"-") -> - | K22: =IF(COUNTIF(สรุปคะแนนทั้งปี!E128:E177,"3"),COUNTIF(สรุปคะแนนทั้งปี!E128:E177,"3"),"-") -> - | L22: =IF(COUNTIF(สรุปคะแนนทั้งปี!E128:E177,"2.5"),COUNTIF(สรุปคะแนนทั้งปี!E128:E177,"2.5"),"-") -> - | M22: =IF(COUNTIF(สรุปคะแนนทั้งปี!E128:E177,"2"),COUNTIF(สรุปคะแนนทั้งปี!E128:E177,"2"),"-") -> - | N22: =IF(COUNTIF(สรุปคะแนนทั้งปี!E128:E177,"1.5"),COUNTIF(สรุปคะแนนทั้งปี!E128:E177,"1.5"),"-") -> - | O22: =IF(COUNTIF(สรุปคะแนนทั้งปี!E128:E177,"1"),COUNTIF(สรุปคะแนนทั้งปี!E128:E177,"1"),"-") -> - | P22: =IF(COUNTIF(สรุปคะแนนทั้งปี!E128:E177,"0"),COUNTIF(สรุปคะแนนทั้งปี!E128:E177,"0"),"-") -> 1 | Q22: =IF(SUM(I22:O22),SUM(I22:O22),"-") -> - | R22: =IF(SUM(P22),SUM(P22),"-") -> 1 | S22: - | U22: - | W22: -
A23: รายวิชาเพิ่มเติม
A24: =ข้อมูลพื้นฐาน!A25&"" -> ภาษาอังกฤษเพื่อการสื่อสาร | I24: =IF(COUNTIF(สรุปคะแนนทั้งปี!I128:I177,"4"),COUNTIF(สรุปคะแนนทั้งปี!I128:I177,"4"),"-") -> - | J24: =IF(COUNTIF(สรุปคะแนนทั้งปี!I128:I177,"3.5"),COUNTIF(สรุปคะแนนทั้งปี!I128:I177,"3.5"),"-") -> - | K24: =IF(COUNTIF(สรุปคะแนนทั้งปี!I128:I177,"3"),COUNTIF(สรุปคะแนนทั้งปี!I128:I177,"3"),"-") -> - | L24: =IF(COUNTIF(สรุปคะแนนทั้งปี!I128:I177,"2.5"),COUNTIF(สรุปคะแนนทั้งปี!I128:I177,"2.5"),"-") -> - | M24: =IF(COUNTIF(สรุปคะแนนทั้งปี!I128:I177,"2"),COUNTIF(สรุปคะแนนทั้งปี!I128:I177,"2"),"-") -> - | N24: =IF(COUNTIF(สรุปคะแนนทั้งปี!I128:I177,"1.5"),COUNTIF(สรุปคะแนนทั้งปี!I128:I177,"1.5"),"-") -> - | O24: =IF(COUNTIF(สรุปคะแนนทั้งปี!I128:I177,"1"),COUNTIF(สรุปคะแนนทั้งปี!I128:I177,"1"),"-") -> - | P24: =IF(COUNTIF(สรุปคะแนนทั้งปี!I128:I177,"0"),COUNTIF(สรุปคะแนนทั้งปี!I128:I177,"0"),"-") -> 1 | Q24: =IF(SUM(I24:O24),SUM(I24:O24),"-") -> - | R24: =IF(SUM(P24),SUM(P24),"-") -> 1 | S24: - | U24: - | W24: -
A25: =ข้อมูลพื้นฐาน!A26&"" | I25: =IF(COUNTIF(สรุปคะแนนทั้งปี!M128:M177,"4"),COUNTIF(สรุปคะแนนทั้งปี!M128:M177,"4"),"-") -> - | J25: =IF(COUNTIF(สรุปคะแนนทั้งปี!M128:M177,"3.5"),COUNTIF(สรุปคะแนนทั้งปี!M128:M177,"3.5"),"-") -> - | K25: =IF(COUNTIF(สรุปคะแนนทั้งปี!M128:M177,"3"),COUNTIF(สรุปคะแนนทั้งปี!M128:M177,"3"),"-") -> - | L25: =IF(COUNTIF(สรุปคะแนนทั้งปี!M128:M177,"2.5"),COUNTIF(สรุปคะแนนทั้งปี!M128:M177,"2.5"),"-") -> - | M25: =IF(COUNTIF(สรุปคะแนนทั้งปี!M128:M177,"2"),COUNTIF(สรุปคะแนนทั้งปี!M128:M177,"2"),"-") -> - | N25: =IF(COUNTIF(สรุปคะแนนทั้งปี!M128:M177,"1.5"),COUNTIF(สรุปคะแนนทั้งปี!M128:M177,"1.5"),"-") -> - | O25: =IF(COUNTIF(สรุปคะแนนทั้งปี!M128:M177,"1"),COUNTIF(สรุปคะแนนทั้งปี!M128:M177,"1"),"-") -> - | P25: =IF(COUNTIF(สรุปคะแนนทั้งปี!M128:M177,"0"),COUNTIF(สรุปคะแนนทั้งปี!M128:M177,"0"),"-") -> - | Q25: =IF(SUM(I25:O25),SUM(I25:O25),"-") -> - | R25: =IF(SUM(P25),SUM(P25),"-") -> - | S25: - | U25: - | W25: -
A26: =ข้อมูลพื้นฐาน!A27&"" | I26: =IF(COUNTIF(สรุปคะแนนทั้งปี!Q128:Q177,"4"),COUNTIF(สรุปคะแนนทั้งปี!Q128:Q177,"4"),"-") -> - | J26: =IF(COUNTIF(สรุปคะแนนทั้งปี!Q128:Q177,"3.5"),COUNTIF(สรุปคะแนนทั้งปี!Q128:Q177,"3.5"),"-") -> - | K26: =IF(COUNTIF(สรุปคะแนนทั้งปี!Q128:Q177,"3"),COUNTIF(สรุปคะแนนทั้งปี!Q128:Q177,"3"),"-") -> - | L26: =IF(COUNTIF(สรุปคะแนนทั้งปี!Q128:Q177,"2.5"),COUNTIF(สรุปคะแนนทั้งปี!Q128:Q177,"2.5"),"-") -> - | M26: =IF(COUNTIF(สรุปคะแนนทั้งปี!Q128:Q177,"2"),COUNTIF(สรุปคะแนนทั้งปี!Q128:Q177,"2"),"-") -> - | N26: =IF(COUNTIF(สรุปคะแนนทั้งปี!Q128:Q177,"1.5"),COUNTIF(สรุปคะแนนทั้งปี!Q128:Q177,"1.5"),"-") -> - | O26: =IF(COUNTIF(สรุปคะแนนทั้งปี!Q128:Q177,"1"),COUNTIF(สรุปคะแนนทั้งปี!Q128:Q177,"1"),"-") -> - | P26: =IF(COUNTIF(สรุปคะแนนทั้งปี!Q128:Q177,"0"),COUNTIF(สรุปคะแนนทั้งปี!Q128:Q177,"0"),"-") -> - | Q26: =IF(SUM(I26:O26),SUM(I26:O26),"-") -> - | R26: =IF(SUM(P26),SUM(P26),"-") -> - | S26: - | U26: - | W26: -
A27: =ข้อมูลพื้นฐาน!A28&"" | I27: =IF(COUNTIF(สรุปคะแนนทั้งปี!E189:E238,"4"),COUNTIF(สรุปคะแนนทั้งปี!E189:E238,"4"),"-") -> - | J27: =IF(COUNTIF(สรุปคะแนนทั้งปี!E189:E238,"3.5"),COUNTIF(สรุปคะแนนทั้งปี!E189:E238,"3.5"),"-") -> - | K27: =IF(COUNTIF(สรุปคะแนนทั้งปี!E189:E238,"3"),COUNTIF(สรุปคะแนนทั้งปี!E189:E238,"3"),"-") -> - | L27: =IF(COUNTIF(สรุปคะแนนทั้งปี!E189:E238,"2.5"),COUNTIF(สรุปคะแนนทั้งปี!E189:E238,"2.5"),"-") -> - | M27: =IF(COUNTIF(สรุปคะแนนทั้งปี!E189:E238,"2"),COUNTIF(สรุปคะแนนทั้งปี!E189:E238,"2"),"-") -> - | N27: =IF(COUNTIF(สรุปคะแนนทั้งปี!E189:E238,"1.5"),COUNTIF(สรุปคะแนนทั้งปี!E189:E238,"1.5"),"-") -> - | O27: =IF(COUNTIF(สรุปคะแนนทั้งปี!E189:E238,"1"),COUNTIF(สรุปคะแนนทั้งปี!E189:E238,"1"),"-") -> - | P27: =IF(COUNTIF(สรุปคะแนนทั้งปี!E189:E238,"0"),COUNTIF(สรุปคะแนนทั้งปี!E189:E238,"0"),"-") -> - | Q27: =IF(SUM(I27:O27),SUM(I27:O27),"-") -> - | R27: =IF(SUM(P27),SUM(P27),"-") -> - | S27: - | U27: - | W27: -
A28: =ข้อมูลพื้นฐาน!A29&"" | I28: =IF(COUNTIF(สรุปคะแนนทั้งปี!I189:I238,"4"),COUNTIF(สรุปคะแนนทั้งปี!I189:I238,"4"),"-") -> - | J28: =IF(COUNTIF(สรุปคะแนนทั้งปี!I189:I238,"3.5"),COUNTIF(สรุปคะแนนทั้งปี!I189:I238,"3.5"),"-") -> - | K28: =IF(COUNTIF(สรุปคะแนนทั้งปี!I189:I238,"3"),COUNTIF(สรุปคะแนนทั้งปี!I189:I238,"3"),"-") -> - | L28: =IF(COUNTIF(สรุปคะแนนทั้งปี!I189:I238,"2.5"),COUNTIF(สรุปคะแนนทั้งปี!I189:I238,"2.5"),"-") -> - | M28: =IF(COUNTIF(สรุปคะแนนทั้งปี!I189:I238,"2"),COUNTIF(สรุปคะแนนทั้งปี!I189:I238,"2"),"-") -> - | N28: =IF(COUNTIF(สรุปคะแนนทั้งปี!I189:I238,"1.5"),COUNTIF(สรุปคะแนนทั้งปี!I189:I238,"1.5"),"-") -> - | O28: =IF(COUNTIF(สรุปคะแนนทั้งปี!I189:I238,"1"),COUNTIF(สรุปคะแนนทั้งปี!I189:I238,"1"),"-") -> - | P28: =IF(COUNTIF(สรุปคะแนนทั้งปี!I189:I238,"0"),COUNTIF(สรุปคะแนนทั้งปี!I189:I238,"0"),"-") -> - | Q28: =IF(SUM(I28:O28),SUM(I28:O28),"-") -> - | R28: =IF(SUM(P28),SUM(P28),"-") -> - | S28: - | U28: - | W28: -
A29: =ข้อมูลพื้นฐาน!A30&"" | I29: =IF(COUNTIF(สรุปคะแนนทั้งปี!M189:M238,"4"),COUNTIF(สรุปคะแนนทั้งปี!M189:M238,"4"),"-") -> - | J29: =IF(COUNTIF(สรุปคะแนนทั้งปี!M189:M238,"3.5"),COUNTIF(สรุปคะแนนทั้งปี!M189:M238,"3.5"),"-") -> - | K29: =IF(COUNTIF(สรุปคะแนนทั้งปี!M189:M238,"3"),COUNTIF(สรุปคะแนนทั้งปี!M189:M238,"3"),"-") -> - | L29: =IF(COUNTIF(สรุปคะแนนทั้งปี!M189:M238,"2.5"),COUNTIF(สรุปคะแนนทั้งปี!M189:M238,"2.5"),"-") -> - | M29: =IF(COUNTIF(สรุปคะแนนทั้งปี!M189:M238,"2"),COUNTIF(สรุปคะแนนทั้งปี!M189:M238,"2"),"-") -> - | N29: =IF(COUNTIF(สรุปคะแนนทั้งปี!M189:M238,"1.5"),COUNTIF(สรุปคะแนนทั้งปี!M189:M238,"1.5"),"-") -> - | O29: =IF(COUNTIF(สรุปคะแนนทั้งปี!M189:M238,"1"),COUNTIF(สรุปคะแนนทั้งปี!M189:M238,"1"),"-") -> - | P29: =IF(COUNTIF(สรุปคะแนนทั้งปี!M189:M238,"0"),COUNTIF(สรุปคะแนนทั้งปี!M189:M238,"0"),"-") -> - | Q29: =IF(SUM(I29:O29),SUM(I29:O29),"-") -> - | R29: =IF(SUM(P29),SUM(P29),"-") -> - | S29: - | U29: - | W29: -
A30: =ข้อมูลพื้นฐาน!A31&"" | I30: =IF(COUNTIF(สรุปคะแนนทั้งปี!Q189:Q238,"4"),COUNTIF(สรุปคะแนนทั้งปี!Q189:Q238,"4"),"-") -> - | J30: =IF(COUNTIF(สรุปคะแนนทั้งปี!Q189:Q238,"3.5"),COUNTIF(สรุปคะแนนทั้งปี!Q189:Q238,"3.5"),"-") -> - | K30: =IF(COUNTIF(สรุปคะแนนทั้งปี!Q189:Q238,"3"),COUNTIF(สรุปคะแนนทั้งปี!Q189:Q238,"3"),"-") -> - | L30: =IF(COUNTIF(สรุปคะแนนทั้งปี!Q189:Q238,"2.5"),COUNTIF(สรุปคะแนนทั้งปี!Q189:Q238,"2.5"),"-") -> - | M30: =IF(COUNTIF(สรุปคะแนนทั้งปี!Q189:Q238,"2"),COUNTIF(สรุปคะแนนทั้งปี!Q189:Q238,"2"),"-") -> - | N30: =IF(COUNTIF(สรุปคะแนนทั้งปี!Q189:Q238,"1.5"),COUNTIF(สรุปคะแนนทั้งปี!Q189:Q238,"1.5"),"-") -> - | O30: =IF(COUNTIF(สรุปคะแนนทั้งปี!Q189:Q238,"1"),COUNTIF(สรุปคะแนนทั้งปี!Q189:Q238,"1"),"-") -> - | P30: =IF(COUNTIF(สรุปคะแนนทั้งปี!Q189:Q238,"0"),COUNTIF(สรุปคะแนนทั้งปี!Q189:Q238,"0"),"-") -> - | Q30: =IF(SUM(I30:O30),SUM(I30:O30),"-") -> - | R30: =IF(SUM(P30),SUM(P30),"-") -> - | S30: - | U30: - | W30: -
A31: =ข้อมูลพื้นฐาน!A32&"" | I31: =IF(COUNTIF(สรุปคะแนนทั้งปี!E247:E296,"4"),COUNTIF(สรุปคะแนนทั้งปี!E247:E296,"4"),"-") -> - | J31: =IF(COUNTIF(สรุปคะแนนทั้งปี!E247:E296,"3.5"),COUNTIF(สรุปคะแนนทั้งปี!E247:E296,"4"),"-") -> - | K31: =IF(COUNTIF(สรุปคะแนนทั้งปี!E247:E296,"3"),COUNTIF(สรุปคะแนนทั้งปี!E247:E296,"3"),"-") -> - | L31: =IF(COUNTIF(สรุปคะแนนทั้งปี!E247:E296,"2.5"),COUNTIF(สรุปคะแนนทั้งปี!E247:E296,"2.5"),"-") -> - | M31: =IF(COUNTIF(สรุปคะแนนทั้งปี!E247:E296,"2"),COUNTIF(สรุปคะแนนทั้งปี!E247:E296,"2"),"-") -> - | N31: =IF(COUNTIF(สรุปคะแนนทั้งปี!E247:E296,"1.5"),COUNTIF(สรุปคะแนนทั้งปี!E247:E296,"1.5"),"-") -> - | O31: =IF(COUNTIF(สรุปคะแนนทั้งปี!E247:E296,"1"),COUNTIF(สรุปคะแนนทั้งปี!E247:E296,"1"),"-") -> - | P31: =IF(COUNTIF(สรุปคะแนนทั้งปี!E247:E296,"0"),COUNTIF(สรุปคะแนนทั้งปี!E247:E296,"0"),"-") -> - | Q31: =IF(SUM(I31:O31),SUM(I31:O31),"-") -> - | R31: =IF(SUM(P31),SUM(P31),"-") -> - | S31: - | U31: - | W31: -
A32: =ข้อมูลพื้นฐาน!A33&"" | I32: =IF(COUNTIF(สรุปคะแนนทั้งปี!I247:I296,"4"),COUNTIF(สรุปคะแนนทั้งปี!I247:I296,"4"),"-") -> - | J32: =IF(COUNTIF(สรุปคะแนนทั้งปี!I247:I296,"3.5"),COUNTIF(สรุปคะแนนทั้งปี!I247:I296,"3.5"),"-") -> - | K32: =IF(COUNTIF(สรุปคะแนนทั้งปี!I247:I296,"3"),COUNTIF(สรุปคะแนนทั้งปี!I247:I296,"3"),"-") -> - | L32: =IF(COUNTIF(สรุปคะแนนทั้งปี!I247:I296,"2.5"),COUNTIF(สรุปคะแนนทั้งปี!I247:I296,"2.5"),"-") -> - | M32: =IF(COUNTIF(สรุปคะแนนทั้งปี!I247:I296,"2"),COUNTIF(สรุปคะแนนทั้งปี!I247:I296,"2"),"-") -> - | N32: =IF(COUNTIF(สรุปคะแนนทั้งปี!I247:I296,"1.5"),COUNTIF(สรุปคะแนนทั้งปี!I247:I296,"1.5"),"-") -> - | O32: =IF(COUNTIF(สรุปคะแนนทั้งปี!I247:I296,"1"),COUNTIF(สรุปคะแนนทั้งปี!I247:I296,"1"),"-") -> - | P32: =IF(COUNTIF(สรุปคะแนนทั้งปี!I247:I296,"0"),COUNTIF(สรุปคะแนนทั้งปี!I247:I296,"0"),"-") -> - | Q32: =IF(SUM(I32:O32),SUM(I32:O32),"-") -> - | R32: =IF(SUM(P32),SUM(P32),"-") -> - | S32: - | U32: - | W32: -
A33: =ข้อมูลพื้นฐาน!A34&"" | I33: =IF(COUNTIF(สรุปคะแนนทั้งปี!M247:M296,"4"),COUNTIF(สรุปคะแนนทั้งปี!M247:M296,"4"),"-") -> - | J33: =IF(COUNTIF(สรุปคะแนนทั้งปี!M247:M296,"3.5"),COUNTIF(สรุปคะแนนทั้งปี!M247:M296,"3.5"),"-") -> - | K33: =IF(COUNTIF(สรุปคะแนนทั้งปี!M247:M296,"3"),COUNTIF(สรุปคะแนนทั้งปี!M247:M296,"3"),"-") -> - | L33: =IF(COUNTIF(สรุปคะแนนทั้งปี!M247:M296,"2.5"),COUNTIF(สรุปคะแนนทั้งปี!M247:M296,"2.5"),"-") -> - | M33: =IF(COUNTIF(สรุปคะแนนทั้งปี!M247:M296,"2"),COUNTIF(สรุปคะแนนทั้งปี!M247:M296,"2"),"-") -> - | N33: =IF(COUNTIF(สรุปคะแนนทั้งปี!M247:M296,"1.5"),COUNTIF(สรุปคะแนนทั้งปี!M247:M296,"1.5"),"-") -> - | O33: =IF(COUNTIF(สรุปคะแนนทั้งปี!M247:M296,"1"),COUNTIF(สรุปคะแนนทั้งปี!M247:M296,"1"),"-") -> - | P33: =IF(COUNTIF(สรุปคะแนนทั้งปี!M247:M296,"0"),COUNTIF(สรุปคะแนนทั้งปี!M247:M296,"0"),"-") -> - | Q33: =IF(SUM(I33:O33),SUM(I33:O33),"-") -> - | R33: =IF(SUM(P33),SUM(P33),"-") -> - | S33: - | U33: - | W33: -
A34: =ข้อมูลพื้นฐาน!A35&"" | I34: =IF(COUNTIF(สรุปคะแนนทั้งปี!Q247:Q296,"4"),COUNTIF(สรุปคะแนนทั้งปี!Q247:Q296,"4"),"-") -> - | J34: =IF(COUNTIF(สรุปคะแนนทั้งปี!Q247:Q296,"3.5"),COUNTIF(สรุปคะแนนทั้งปี!Q247:Q296,"3.5"),"-") -> - | K34: =IF(COUNTIF(สรุปคะแนนทั้งปี!Q247:Q296,"3"),COUNTIF(สรุปคะแนนทั้งปี!Q247:Q296,"3"),"-") -> - | L34: =IF(COUNTIF(สรุปคะแนนทั้งปี!Q247:Q296,"2.5"),COUNTIF(สรุปคะแนนทั้งปี!Q247:Q296,"2.5"),"-") -> - | M34: =IF(COUNTIF(สรุปคะแนนทั้งปี!Q247:Q296,"2"),COUNTIF(สรุปคะแนนทั้งปี!Q247:Q296,"2"),"-") -> - | N34: =IF(COUNTIF(สรุปคะแนนทั้งปี!Q247:Q296,"1.5"),COUNTIF(สรุปคะแนนทั้งปี!Q247:Q296,"1.5"),"-") -> - | O34: =IF(COUNTIF(สรุปคะแนนทั้งปี!Q247:Q296,"1"),COUNTIF(สรุปคะแนนทั้งปี!Q247:Q296,"1"),"-") -> - | P34: =IF(COUNTIF(สรุปคะแนนทั้งปี!Q247:Q296,"0"),COUNTIF(สรุปคะแนนทั้งปี!Q247:Q296,"0"),"-") -> - | Q34: =IF(SUM(I34:O34),SUM(I34:O34),"-") -> - | R34: =IF(SUM(P34),SUM(P34),"-") -> - | S34: - | U34: - | W34: -
A35: =ข้อมูลพื้นฐาน!A36&"" | I35: =IF(COUNTIF(สรุปคะแนนทั้งปี!E304:E353,"4"),COUNTIF(สรุปคะแนนทั้งปี!E304:E353,"4"),"-") -> - | J35: =IF(COUNTIF(สรุปคะแนนทั้งปี!E304:E353,"3.5"),COUNTIF(สรุปคะแนนทั้งปี!E304:E353,"3.5"),"-") -> - | K35: =IF(COUNTIF(สรุปคะแนนทั้งปี!E304:E353,"3"),COUNTIF(สรุปคะแนนทั้งปี!E304:E353,"3"),"-") -> - | L35: =IF(COUNTIF(สรุปคะแนนทั้งปี!E304:E353,"2.5"),COUNTIF(สรุปคะแนนทั้งปี!E304:E353,"2.5"),"-") -> - | M35: =IF(COUNTIF(สรุปคะแนนทั้งปี!E304:E353,"2"),COUNTIF(สรุปคะแนนทั้งปี!E304:E353,"2"),"-") -> - | N35: =IF(COUNTIF(สรุปคะแนนทั้งปี!E304:E353,"1.5"),COUNTIF(สรุปคะแนนทั้งปี!E304:E353,"1.5"),"-") -> - | O35: =IF(COUNTIF(สรุปคะแนนทั้งปี!E304:E353,"1"),COUNTIF(สรุปคะแนนทั้งปี!E304:E353,"1"),"-") -> - | P35: =IF(COUNTIF(สรุปคะแนนทั้งปี!E304:E353,"0"),COUNTIF(สรุปคะแนนทั้งปี!E304:E353,"0"),"-") -> - | Q35: =IF(SUM(I35:O35),SUM(I35:O35),"-") -> - | R35: =IF(SUM(P35),SUM(P35),"-") -> - | S35: - | U35: - | W35: -
A36: 2. กิจกรรมพัฒนาผู้เรียน | I36: กิจกรรมแนะแนว | Q36: =IF(COUNTIF(กิจกรรมพัฒนผู้เรียน!C6:C55,"ผ"),COUNTIF(กิจกรรมพัฒนผู้เรียน!C6:C55,"ผ"),"") -> 1 | R36: =IF(COUNTIF(กิจกรรมพัฒนผู้เรียน!C6:C55,"มผ"),COUNTIF(กิจกรรมพัฒนผู้เรียน!C6:C55,"มผ"),"-") -> - | S36: - | U36: - | W36: -
I37: กิจกรรมนักเรียน | M37: - ลูกเสือ | Q37: =IF(COUNTIF(กิจกรรมพัฒนผู้เรียน!F6:F55,"ผ"),COUNTIF(กิจกรรมพัฒนผู้เรียน!F6:F55,"ผ"),"") -> 1 | R37: =IF(COUNTIF(กิจกรรมพัฒนผู้เรียน!F6:F55,"มผ"),COUNTIF(กิจกรรมพัฒนผู้เรียน!F6:F55,"มผ"),"-") -> - | S37: - | U37: - | W37: -
M38: - ชุมนุม | Q38: =IF(COUNTIF(กิจกรรมพัฒนผู้เรียน!I6:I55,"ผ"),COUNTIF(กิจกรรมพัฒนผู้เรียน!I6:I55,"ผ"),"") -> 1 | R38: =IF(COUNTIF(กิจกรรมพัฒนผู้เรียน!I6:I55,"มผ"),COUNTIF(กิจกรรมพัฒนผู้เรียน!I6:I55,"มผ"),"-") -> - | S38: - | U38: - | W38: -
I39: กิจกรรมเพื่อสังคมและสาธารณประโยชน์ | Q39: =IF(COUNTIF(กิจกรรมพัฒนผู้เรียน!U6:V55,"ผ"),COUNTIF(กิจกรรมพัฒนผู้เรียน!U6:V55,"ผ"),"") -> 1 | R39: =IF(COUNTIF(กิจกรรมพัฒนผู้เรียน!U6:V55,"มผ"),COUNTIF(กิจกรรมพัฒนผู้เรียน!U6:V55,"มผ"),"-") -> - | S39: - | U39: - | W39: -
A40: 3.คุณลักษณะอันพึงประสงค์ | Q40: =SUM(S40:X40) -> 0 | R40: =IF(COUNTIF(คุณลักษณะอันพึงประสงค์!V8:V57,"มผ"),COUNTIF(คุณลักษณะอันพึงประสงค์!V8:V57,"มผ"),"-") -> - | S40: =IF(COUNTIF(คุณลักษณะอันพึงประสงค์!V8:V57,""),COUNTIF(คุณลักษณะอันพึงประสงค์!V8:V57,"ดย"),"-") -> 0 | U40: =IF(COUNTIF(คุณลักษณะอันพึงประสงค์!V8:V57,"ด"),COUNTIF(คุณลักษณะอันพึงประสงค์!V8:V57,"ด"),"-") -> - | W40: =IF(COUNTIF(คุณลักษณะอันพึงประสงค์!V8:V57,"ผ"),COUNTIF(คุณลักษณะอันพึงประสงค์!V8:V57,"ผ"),"-") -> -
A41: 4.การอ่าน คิด วิเคราะห์ และเขียน | Q41: =SUM(S41:X41) -> 0 | R41: =IF(COUNTIF('อ่าน คิดวิเคราะห์ เขียน'!I6:I55,"มผ"),COUNTIF('อ่าน คิดวิเคราะห์ เขียน'!I6:I55,"มผ"),"-") -> - | S41: =IF(COUNTIF('อ่าน คิดวิเคราะห์ เขียน'!I6:I55,"ดย"),COUNTIF('อ่าน คิดวิเคราะห์ เขียน'!I6:I55,"ดย"),"-") -> - | U41: =IF(COUNTIF('อ่าน คิดวิเคราะห์ เขียน'!I6:I55,"ด"),COUNTIF('อ่าน คิดวิเคราะห์ เขียน'!I6:I55,"ด"),"-") -> - | W41: =IF(COUNTIF('อ่าน คิดวิเคราะห์ เขียน'!I6:I55,"ผ"),COUNTIF('อ่าน คิดวิเคราะห์ เขียน'!I6:I55,"ผ"),"-") -> -
A42: 5.สมรรถนะผู้เรียน | Q42: =SUM(S42:X42) -> 0 | R42: =IF(COUNTIF(สมรรถนะ!I5:I54,"มผ"),COUNTIF(สมรรถนะ!I5:I54,"มผ"),"-") -> - | S42: =IF(COUNTIF(สมรรถนะ!I5:I54,"ดย"),COUNTIF(สมรรถนะ!I5:I54,"ดย"),"-") -> - | U42: =IF(COUNTIF(สมรรถนะ!I5:I54,"ด"),COUNTIF(สมรรถนะ!I5:I54,"ด"),"-") -> - | W42: =IF(COUNTIF(สมรรถนะ!I5:I54,"ผ"),COUNTIF(สมรรถนะ!I5:I54,"ผ"),"-") -> -
F47: ลงชื่อ | Q47: ครูประจำชั้น
H48: =IF(ข้อมูลพื้นฐาน!B10="","","("&ข้อมูลพื้นฐาน!B10&")")
F49: ลงชื่อ | Q49: =ข้อมูลพื้นฐาน!A12 -> นายทะเบียนวัดและประเมินผล
H50: =IF(ข้อมูลพื้นฐาน!B12="","","("&ข้อมูลพื้นฐาน!B12&")")
A51: ="อนุมัติผลการเรียนเมื่อวันที่ "&ข้อมูลพื้นฐาน!B13&" เดือน "&ข้อมูลพื้นฐาน!D13&" พ.ศ. "&ข้อมูลพื้นฐาน!F13 -> อนุมัติผลการเรียนเมื่อวันที่ เดือน พ.ศ.
F52: ลงชื่อ | Q52: ผู้อนุมัติ
H53: =IF(ข้อมูลพื้นฐาน!B11="","","("&ข้อมูลพื้นฐาน!B11&")")
B54: =ข้อมูลพื้นฐาน!H11&ข้อมูลพื้นฐาน!A3&ข้อมูลพื้นฐาน!B3 -> ผู้อำนวยการโรงเรียนบ้านคลองน้ำโจน สาขาบ้านสระหลวง

Sheet เวลาเรียน1
A2: เลขที่ | B2: เลขประจำตัว | C2: เลขประจำตัวประชาชน | D2: ชื่อ - สกุล | E2: ปี | F2: 2565 | Z2: =F2 -> 2565 | BI2: =F2 -> 2565 | CR2: =F2 -> 2565 | EA2: =F2 -> 2565 | FJ2: =F2 -> 2565
E3: เดือน | F3: พฤษภาคม | V3: รวม | Z3: มิถุนายน | BE3: รวม | BI3: กรกฏาคม | CN3: รวม | CR3: สิงหาคม | DW3: รวม | EA3: กันยายน | FF3: รวม | FJ3: ตุลาคม | GO3: รวม | GS3: รวมทั้งเทอม | GW3: รวม
E5: วันที่/เต็ม | V5: มา | W5: ป่วย | X5: ลา | Y5: ขาด | BE5: มา | BF5: ป่วย | BG5: ลา | BH5: ขาด | CN5: มา | CO5: ป่วย | CP5: ลา | CQ5: ขาด | DW5: มา | DX5: ป่วย | DY5: ลา | DZ5: ขาด | FF5: มา | FG5: ป่วย | FH5: ลา | FI5: ขาด | GO5: มา | GP5: ป่วย | GQ5: ลา | GR5: ขาด | GS5: มา | GT5: ป่วย | GU5: ลา | GV5: ขาด
E6: 100 | F6: 16 | G6: 17 | H6: 18 | I6: 19 | J6: 20 | K6: 21 | L6: 22 | M6: 23 | N6: 24 | O6: 25 | P6: 26 | Q6: 27 | R6: 28 | S6: 29 | T6: 30 | U6: 31 | Z6: 1 | AA6: 2 | AB6: 3 | AC6: 4 | AD6: 5 | AE6: 6 | AF6: 7 | AG6: 8 | AH6: 9 | AI6: 10 | AJ6: 11 | AK6: 12 | AL6: 13 | AM6: 14 | AN6: 15 | AO6: 16 | AP6: 17 | AQ6: 18 | AR6: 19 | AS6: 20 | AT6: 21 | AU6: 22 | AV6: 23 | AW6: 24 | AX6: 25 | AY6: 26 | AZ6: 27 | BA6: 28 | BB6: 29 | BC6: 30 | BI6: 1 | BJ6: 2 | BK6: 3 | BL6: 4 | BM6: 5 | BN6: 6 | BO6: 7 | BP6: 8 | BQ6: 9 | BR6: 10 | BS6: 11 | BT6: 12 | BU6: 13 | BV6: 14 | BW6: 15 | BX6: 16 | BY6: 17 | BZ6: 18 | CA6: 19 | CB6: 20 | CC6: 21 | CD6: 22 | CE6: 23 | CF6: 24 | CG6: 25 | CH6: 26 | CI6: 27 | CJ6: 28 | CK6: 29 | CL6: 30 | CM6: 31 | CR6: 1 | CS6: 2 | CT6: 3 | CU6: 4 | CV6: 5 | CW6: 6 | CX6: 7 | CY6: 8 | CZ6: 9 | DA6: 10 | DB6: 11 | DC6: 12 | DD6: 13 | DE6: 14 | DF6: 15 | DG6: 16 | DH6: 17 | DI6: 18 | DJ6: 19 | DK6: 20 | DL6: 21 | DM6: 22 | DN6: 23 | DO6: 24 | DP6: 25 | DQ6: 26 | DR6: 27 | DS6: 28 | DT6: 29 | DU6: 30 | DV6: 31 | EA6: 1 | EB6: 2 | EC6: 3 | ED6: 4 | EE6: 5 | EF6: 6 | EG6: 7 | EH6: 8 | EI6: 9 | EJ6: 10 | EK6: 11 | EL6: 12 | EM6: 13 | EN6: 14 | EO6: 15 | EP6: 16 | EQ6: 17 | ER6: 18 | ES6: 19 | ET6: 20 | EU6: 21 | EV6: 22 | EW6: 23 | EX6: 24 | EY6: 25 | EZ6: 26 | FA6: 27 | FB6: 28 | FC6: 29 | FD6: 30 | FJ6: 1 | FK6: 2 | FL6: 3 | FM6: 4 | FN6: 5 | FO6: 6 | FP6: 7 | FQ6: 8 | FR6: 9 | FS6: 10 | FT6: 11 | FU6: 12 | FV6: 13 | FW6: 14 | FX6: 15 | FY6: 16 | FZ6: 17 | GA6: 18 | GB6: 19 | GC6: 20 | GD6: 21 | GE6: 22 | GF6: 23 | GG6: 24 | GH6: 25 | GI6: 26 | GJ6: 27 | GK6: 28 | GL6: 29 | GM6: 30 | GN6: 31
A7: =IF('กรอกข้อมูล นร1'!A5,'กรอกข้อมูล นร1'!A5,"") -> 1 | B7: ='กรอกข้อมูล นร1'!B5&"" | C7: ='กรอกข้อมูล นร1'!D5&"" | D7: =IF('กรอกข้อมูล นร1'!C5="","",'กรอกข้อมูล นร1'!C5) | E7: =IF(A7="","",$E$6) -> 100 | G7: / | H7: / | I7: / | J7: / | M7: / | N7: / | O7: / | P7: / | Q7: / | T7: / | U7: / | V7: =IF(COUNTIF($F7:$U7," /"),COUNTIF($F7:$U7," /"),"") -> 11 | W7: =IF(COUNTIF($F7:$U7,"ป"),COUNTIF($F7:$U7,"ป"),"") | X7: =IF(COUNTIF($F7:$U7,"ล"),COUNTIF($F7:$U7,"ล"),"") | Y7: =IF(COUNTIF($F7:$U7,"ข"),COUNTIF($F7:$U7,"ข"),"") | Z7: / | AA7: / | AE7: / | AF7: / | AG7: / | AH7: / | AI7: / | AL7: / | AM7: / | AN7: / | AO7: / | AP7: / | AS7: / | AT7: / | AU7: / | AV7: / | AW7: / | AZ7: / | BA7: / | BB7: / | BC7: / | BE7: =IF(COUNTIF($Z7:$BD7," /"),COUNTIF($Z7:$BD7," /"),"") -> 21 | BF7: =IF(COUNTIF($Z7:$BD7,"ป"),COUNTIF($Z7:$BD7,"ป"),"") | BG7: =IF(COUNTIF($Z7:$BD7,"ล"),COUNTIF($Z7:$BD7,"ล"),"") | BH7: =IF(COUNTIF($Z7:$BD7,"ข"),COUNTIF($Z7:$BD7,"ข"),"") | BI7: / | BL7: / | BM7: / | BN7: / | BO7: / | BP7: / | BS7: / | BT7: / | BZ7: / | CA7: / | CB7: / | CC7: / | CD7: / | CG7: / | CH7: / | CI7: / | CN7: =IF(COUNTIF($BI7:$CM7," /"),COUNTIF($BI7:$CM7," /"),"") -> 16 | CO7: =IF(COUNTIF($BI7:$CM7,"ป"),COUNTIF($BI7:$CM7,"ป"),"") | CP7: =IF(COUNTIF($BI7:$CM7,"ล"),COUNTIF($BI7:$CM7,"ล"),"") | CQ7: =IF(COUNTIF($BI7:$CM7,"ข"),COUNTIF($BI7:$CM7,"ข"),"") | CR7: / | CS7: / | CT7: / | CU7: / | CV7: / | CY7: / | CZ7: / | DA7: / | DB7: / | DF7: / | DG7: / | DH7: / | DI7: / | DJ7: / | DM7: / | DN7: / | DO7: / | DP7: / | DQ7: / | DT7: / | DU7: / | DV7: / | DW7: =IF(COUNTIF($CR7:$DV7," /"),COUNTIF($CR7:$DV7," /"),"") -> 22 | DX7: =IF(COUNTIF($CR7:$DV7,"ป"),COUNTIF($CR7:$DV7,"ป"),"") | DY7: =IF(COUNTIF($CR7:$DV7,"ล"),COUNTIF($CR7:$DV7,"ล"),"") | DZ7: =IF(COUNTIF($CR7:$DV7,"ข"),COUNTIF($CR7:$DV7,"ข"),"") | EA7: / | EB7: / | EE7: / | EF7: / | EG7: / | EH7: / | EI7: / | EL7: / | EM7: / | EN7: / | EO7: / | EP7: / | ES7: / | ET7: / | EU7: / | EV7: / | EW7: / | EZ7: / | FA7: / | FB7: / | FC7: / | FD7: / | FF7: =IF(COUNTIF($EA7:$FE7," /"),COUNTIF($EA7:$FE7," /"),"") -> 22 | FG7: =IF(COUNTIF($EA7:$FE7,"ป"),COUNTIF($EA7:$FE7,"ป"),"") | FH7: =IF(COUNTIF($EA7:$FE7,"ล"),COUNTIF($EA7:$FE7,"ล"),"") | FI7: =IF(COUNTIF($EA7:$FE7,"ข"),COUNTIF($EA7:$FE7,"ข"),"") | FL7: / | FM7: / | FN7: / | FO7: / | FP7: / | FS7: / | FT7: / | FU7: / | GO7: =IF(COUNTIF($FJ7:$GN7," /"),COUNTIF($FJ7:$GN7," /"),"") -> 8 | GP7: =IF(COUNTIF($FJ7:$GN7,"ป"),COUNTIF($FJ7:$GN7,"ป"),"") | GQ7: =IF(COUNTIF($FJ7:$GN7,"ล"),COUNTIF($FJ7:$GN7,"ล"),"") | GR7: =IF(COUNTIF($FJ7:$GN7,"ข"),COUNTIF($FJ7:$GN7,"ข"),"") | GS7: =IF(A7="","",SUM(V7,BE7,CN7,DW7,FF7,GO7)) -> 100 | GT7: =IF(A7="","",SUM(W7,BF7,CO7,DX7,FG7,GP7)) -> 0 | GU7: =IF(A7="","",SUM(X7,BG7,CP7,DY7,FH7,GQ7)) -> 0 | GV7: =IF(A7="","",SUM(Y7,ZX7,BH7,CQ7,DZ7,FI7,GR7)) -> 0 | GW7: =IF(A7="","",SUM(GS7,GT7,GU7,GV7)) -> 100
A8: =IF('กรอกข้อมูล นร1'!A6,'กรอกข้อมูล นร1'!A6,"") | B8: ='กรอกข้อมูล นร1'!B6&"" | C8: ='กรอกข้อมูล นร1'!D6&"" | D8: =IF('กรอกข้อมูล นร1'!C6="","",'กรอกข้อมูล นร1'!C6) | E8: =IF(A8="","",$E$6) | V8: =IF(COUNTIF($F8:$U8," /"),COUNTIF($F8:$U8," /"),"") | W8: =IF(COUNTIF($F8:$U8,"ป"),COUNTIF($F8:$U8,"ป"),"") | X8: =IF(COUNTIF($F8:$U8,"ล"),COUNTIF($F8:$U8,"ล"),"") | Y8: =IF(COUNTIF($F8:$U8,"ข"),COUNTIF($F8:$U8,"ข"),"") | BE8: =IF(COUNTIF($Z8:$BD8," /"),COUNTIF($Z8:$BD8," /"),"") | BF8: =IF(COUNTIF($Z8:$BD8,"ป"),COUNTIF($Z8:$BD8,"ป"),"") | BG8: =IF(COUNTIF($Z8:$BD8,"ล"),COUNTIF($Z8:$BD8,"ล"),"") | BH8: =IF(COUNTIF($Z8:$BD8,"ข"),COUNTIF($Z8:$BD8,"ข"),"") | CN8: =IF(COUNTIF($BI8:$CM8," /"),COUNTIF($BI8:$CM8," /"),"") | CO8: =IF(COUNTIF($BI8:$CM8,"ป"),COUNTIF($BI8:$CM8,"ป"),"") | CP8: =IF(COUNTIF($BI8:$CM8,"ล"),COUNTIF($BI8:$CM8,"ล"),"") | CQ8: =IF(COUNTIF($BI8:$CM8,"ข"),COUNTIF($BI8:$CM8,"ข"),"") | DW8: =IF(COUNTIF($CR8:$DV8," /"),COUNTIF($CR8:$DV8," /"),"") | DX8: =IF(COUNTIF($CR8:$DV8,"ป"),COUNTIF($CR8:$DV8,"ป"),"") | DY8: =IF(COUNTIF($CR8:$DV8,"ล"),COUNTIF($CR8:$DV8,"ล"),"") | DZ8: =IF(COUNTIF($CR8:$DV8,"ข"),COUNTIF($CR8:$DV8,"ข"),"") | FF8: =IF(COUNTIF($EA8:$FE8," /"),COUNTIF($EA8:$FE8," /"),"") | FG8: =IF(COUNTIF($EA8:$FE8,"ป"),COUNTIF($EA8:$FE8,"ป"),"") | FH8: =IF(COUNTIF($EA8:$FE8,"ล"),COUNTIF($EA8:$FE8,"ล"),"") | FI8: =IF(COUNTIF($EA8:$FE8,"ข"),COUNTIF($EA8:$FE8,"ข"),"") | GO8: =IF(COUNTIF($FJ8:$GN8," /"),COUNTIF($FJ8:$GN8," /"),"") | GP8: =IF(COUNTIF($FJ8:$GN8,"ป"),COUNTIF($FJ8:$GN8,"ป"),"") | GQ8: =IF(COUNTIF($FJ8:$GN8,"ล"),COUNTIF($FJ8:$GN8,"ล"),"") | GR8: =IF(COUNTIF($FJ8:$GN8,"ข"),COUNTIF($FJ8:$GN8,"ข"),"") | GS8: =IF(A8="","",SUM(V8,BE8,CN8,DW8,FF8,GO8)) | GT8: =IF(A8="","",SUM(W8,BF8,CO8,DX8,FG8,GP8)) | GU8: =IF(A8="","",SUM(X8,BG8,CP8,DY8,FH8,GQ8)) | GV8: =IF(A8="","",SUM(Y8,ZX8,BH8,CQ8,DZ8,FI8,GR8)) | GW8: =IF(A8="","",SUM(GS8,GT8,GU8,GV8))
A9: =IF('กรอกข้อมูล นร1'!A7,'กรอกข้อมูล นร1'!A7,"") | B9: ='กรอกข้อมูล นร1'!B7&"" | C9: ='กรอกข้อมูล นร1'!D7&"" | D9: =IF('กรอกข้อมูล นร1'!C7="","",'กรอกข้อมูล นร1'!C7) | E9: =IF(A9="","",$E$6) | V9: =IF(COUNTIF($F9:$U9," /"),COUNTIF($F9:$U9," /"),"") | W9: =IF(COUNTIF($F9:$U9,"ป"),COUNTIF($F9:$U9,"ป"),"") | X9: =IF(COUNTIF($F9:$U9,"ล"),COUNTIF($F9:$U9,"ล"),"") | Y9: =IF(COUNTIF($F9:$U9,"ข"),COUNTIF($F9:$U9,"ข"),"") | BE9: =IF(COUNTIF($Z9:$BD9," /"),COUNTIF($Z9:$BD9," /"),"") | BF9: =IF(COUNTIF($Z9:$BD9,"ป"),COUNTIF($Z9:$BD9,"ป"),"") | BG9: =IF(COUNTIF($Z9:$BD9,"ล"),COUNTIF($Z9:$BD9,"ล"),"") | BH9: =IF(COUNTIF($Z9:$BD9,"ข"),COUNTIF($Z9:$BD9,"ข"),"") | CN9: =IF(COUNTIF($BI9:$CM9," /"),COUNTIF($BI9:$CM9," /"),"") | CO9: =IF(COUNTIF($BI9:$CM9,"ป"),COUNTIF($BI9:$CM9,"ป"),"") | CP9: =IF(COUNTIF($BI9:$CM9,"ล"),COUNTIF($BI9:$CM9,"ล"),"") | CQ9: =IF(COUNTIF($BI9:$CM9,"ข"),COUNTIF($BI9:$CM9,"ข"),"") | DW9: =IF(COUNTIF($CR9:$DV9," /"),COUNTIF($CR9:$DV9," /"),"") | DX9: =IF(COUNTIF($CR9:$DV9,"ป"),COUNTIF($CR9:$DV9,"ป"),"") | DY9: =IF(COUNTIF($CR9:$DV9,"ล"),COUNTIF($CR9:$DV9,"ล"),"") | DZ9: =IF(COUNTIF($CR9:$DV9,"ข"),COUNTIF($CR9:$DV9,"ข"),"") | FF9: =IF(COUNTIF($EA9:$FE9," /"),COUNTIF($EA9:$FE9," /"),"") | FG9: =IF(COUNTIF($EA9:$FE9,"ป"),COUNTIF($EA9:$FE9,"ป"),"") | FH9: =IF(COUNTIF($EA9:$FE9,"ล"),COUNTIF($EA9:$FE9,"ล"),"") | FI9: =IF(COUNTIF($EA9:$FE9,"ข"),COUNTIF($EA9:$FE9,"ข"),"") | GO9: =IF(COUNTIF($FJ9:$GN9," /"),COUNTIF($FJ9:$GN9," /"),"") | GP9: =IF(COUNTIF($FJ9:$GN9,"ป"),COUNTIF($FJ9:$GN9,"ป"),"") | GQ9: =IF(COUNTIF($FJ9:$GN9,"ล"),COUNTIF($FJ9:$GN9,"ล"),"") | GR9: =IF(COUNTIF($FJ9:$GN9,"ข"),COUNTIF($FJ9:$GN9,"ข"),"") | GS9: =IF(A9="","",SUM(V9,BE9,CN9,DW9,FF9,GO9)) | GT9: =IF(A9="","",SUM(W9,BF9,CO9,DX9,FG9,GP9)) | GU9: =IF(A9="","",SUM(X9,BG9,CP9,DY9,FH9,GQ9)) | GV9: =IF(A9="","",SUM(Y9,ZX9,BH9,CQ9,DZ9,FI9,GR9)) | GW9: =IF(A9="","",SUM(GS9,GT9,GU9,GV9))
A10: =IF('กรอกข้อมูล นร1'!A8,'กรอกข้อมูล นร1'!A8,"") | B10: ='กรอกข้อมูล นร1'!B8&"" | C10: ='กรอกข้อมูล นร1'!D8&"" | D10: =IF('กรอกข้อมูล นร1'!C8="","",'กรอกข้อมูล นร1'!C8) | E10: =IF(A10="","",$E$6) | V10: =IF(COUNTIF($F10:$U10," /"),COUNTIF($F10:$U10," /"),"") | W10: =IF(COUNTIF($F10:$U10,"ป"),COUNTIF($F10:$U10,"ป"),"") | X10: =IF(COUNTIF($F10:$U10,"ล"),COUNTIF($F10:$U10,"ล"),"") | Y10: =IF(COUNTIF($F10:$U10,"ข"),COUNTIF($F10:$U10,"ข"),"") | BE10: =IF(COUNTIF($Z10:$BD10," /"),COUNTIF($Z10:$BD10," /"),"") | BF10: =IF(COUNTIF($Z10:$BD10,"ป"),COUNTIF($Z10:$BD10,"ป"),"") | BG10: =IF(COUNTIF($Z10:$BD10,"ล"),COUNTIF($Z10:$BD10,"ล"),"") | BH10: =IF(COUNTIF($Z10:$BD10,"ข"),COUNTIF($Z10:$BD10,"ข"),"") | CN10: =IF(COUNTIF($BI10:$CM10," /"),COUNTIF($BI10:$CM10," /"),"") | CO10: =IF(COUNTIF($BI10:$CM10,"ป"),COUNTIF($BI10:$CM10,"ป"),"") | CP10: =IF(COUNTIF($BI10:$CM10,"ล"),COUNTIF($BI10:$CM10,"ล"),"") | CQ10: =IF(COUNTIF($BI10:$CM10,"ข"),COUNTIF($BI10:$CM10,"ข"),"") | DW10: =IF(COUNTIF($CR10:$DV10," /"),COUNTIF($CR10:$DV10," /"),"") | DX10: =IF(COUNTIF($CR10:$DV10,"ป"),COUNTIF($CR10:$DV10,"ป"),"") | DY10: =IF(COUNTIF($CR10:$DV10,"ล"),COUNTIF($CR10:$DV10,"ล"),"") | DZ10: =IF(COUNTIF($CR10:$DV10,"ข"),COUNTIF($CR10:$DV10,"ข"),"") | FF10: =IF(COUNTIF($EA10:$FE10," /"),COUNTIF($EA10:$FE10," /"),"") | FG10: =IF(COUNTIF($EA10:$FE10,"ป"),COUNTIF($EA10:$FE10,"ป"),"") | FH10: =IF(COUNTIF($EA10:$FE10,"ล"),COUNTIF($EA10:$FE10,"ล"),"") | FI10: =IF(COUNTIF($EA10:$FE10,"ข"),COUNTIF($EA10:$FE10,"ข"),"") | GO10: =IF(COUNTIF($FJ10:$GN10," /"),COUNTIF($FJ10:$GN10," /"),"") | GP10: =IF(COUNTIF($FJ10:$GN10,"ป"),COUNTIF($FJ10:$GN10,"ป"),"") | GQ10: =IF(COUNTIF($FJ10:$GN10,"ล"),COUNTIF($FJ10:$GN10,"ล"),"") | GR10: =IF(COUNTIF($FJ10:$GN10,"ข"),COUNTIF($FJ10:$GN10,"ข"),"") | GS10: =IF(A10="","",SUM(V10,BE10,CN10,DW10,FF10,GO10)) | GT10: =IF(A10="","",SUM(W10,BF10,CO10,DX10,FG10,GP10)) | GU10: =IF(A10="","",SUM(X10,BG10,CP10,DY10,FH10,GQ10)) | GV10: =IF(A10="","",SUM(Y10,ZX10,BH10,CQ10,DZ10,FI10,GR10)) | GW10: =IF(A10="","",SUM(GS10,GT10,GU10,GV10))
A11: =IF('กรอกข้อมูล นร1'!A9,'กรอกข้อมูล นร1'!A9,"") | B11: ='กรอกข้อมูล นร1'!B9&"" | C11: ='กรอกข้อมูล นร1'!D9&"" | D11: =IF('กรอกข้อมูล นร1'!C9="","",'กรอกข้อมูล นร1'!C9) | E11: =IF(A11="","",$E$6) | V11: =IF(COUNTIF($F11:$U11," /"),COUNTIF($F11:$U11," /"),"") | W11: =IF(COUNTIF($F11:$U11,"ป"),COUNTIF($F11:$U11,"ป"),"") | X11: =IF(COUNTIF($F11:$U11,"ล"),COUNTIF($F11:$U11,"ล"),"") | Y11: =IF(COUNTIF($F11:$U11,"ข"),COUNTIF($F11:$U11,"ข"),"") | BE11: =IF(COUNTIF($Z11:$BD11," /"),COUNTIF($Z11:$BD11," /"),"") | BF11: =IF(COUNTIF($Z11:$BD11,"ป"),COUNTIF($Z11:$BD11,"ป"),"") | BG11: =IF(COUNTIF($Z11:$BD11,"ล"),COUNTIF($Z11:$BD11,"ล"),"") | BH11: =IF(COUNTIF($Z11:$BD11,"ข"),COUNTIF($Z11:$BD11,"ข"),"") | CN11: =IF(COUNTIF($BI11:$CM11," /"),COUNTIF($BI11:$CM11," /"),"") | CO11: =IF(COUNTIF($BI11:$CM11,"ป"),COUNTIF($BI11:$CM11,"ป"),"") | CP11: =IF(COUNTIF($BI11:$CM11,"ล"),COUNTIF($BI11:$CM11,"ล"),"") | CQ11: =IF(COUNTIF($BI11:$CM11,"ข"),COUNTIF($BI11:$CM11,"ข"),"") | DW11: =IF(COUNTIF($CR11:$DV11," /"),COUNTIF($CR11:$DV11," /"),"") | DX11: =IF(COUNTIF($CR11:$DV11,"ป"),COUNTIF($CR11:$DV11,"ป"),"") | DY11: =IF(COUNTIF($CR11:$DV11,"ล"),COUNTIF($CR11:$DV11,"ล"),"") | DZ11: =IF(COUNTIF($CR11:$DV11,"ข"),COUNTIF($CR11:$DV11,"ข"),"") | FF11: =IF(COUNTIF($EA11:$FE11," /"),COUNTIF($EA11:$FE11," /"),"") | FG11: =IF(COUNTIF($EA11:$FE11,"ป"),COUNTIF($EA11:$FE11,"ป"),"") | FH11: =IF(COUNTIF($EA11:$FE11,"ล"),COUNTIF($EA11:$FE11,"ล"),"") | FI11: =IF(COUNTIF($EA11:$FE11,"ข"),COUNTIF($EA11:$FE11,"ข"),"") | GO11: =IF(COUNTIF($FJ11:$GN11," /"),COUNTIF($FJ11:$GN11," /"),"") | GP11: =IF(COUNTIF($FJ11:$GN11,"ป"),COUNTIF($FJ11:$GN11,"ป"),"") | GQ11: =IF(COUNTIF($FJ11:$GN11,"ล"),COUNTIF($FJ11:$GN11,"ล"),"") | GR11: =IF(COUNTIF($FJ11:$GN11,"ข"),COUNTIF($FJ11:$GN11,"ข"),"") | GS11: =IF(A11="","",SUM(V11,BE11,CN11,DW11,FF11,GO11)) | GT11: =IF(A11="","",SUM(W11,BF11,CO11,DX11,FG11,GP11)) | GU11: =IF(A11="","",SUM(X11,BG11,CP11,DY11,FH11,GQ11)) | GV11: =IF(A11="","",SUM(Y11,ZX11,BH11,CQ11,DZ11,FI11,GR11)) | GW11: =IF(A11="","",SUM(GS11,GT11,GU11,GV11))
A12: =IF('กรอกข้อมูล นร1'!A10,'กรอกข้อมูล นร1'!A10,"") | B12: ='กรอกข้อมูล นร1'!B10&"" | C12: ='กรอกข้อมูล นร1'!D10&"" | D12: =IF('กรอกข้อมูล นร1'!C10="","",'กรอกข้อมูล นร1'!C10) | E12: =IF(A12="","",$E$6) | V12: =IF(COUNTIF($F12:$U12," /"),COUNTIF($F12:$U12," /"),"") | W12: =IF(COUNTIF($F12:$U12,"ป"),COUNTIF($F12:$U12,"ป"),"") | X12: =IF(COUNTIF($F12:$U12,"ล"),COUNTIF($F12:$U12,"ล"),"") | Y12: =IF(COUNTIF($F12:$U12,"ข"),COUNTIF($F12:$U12,"ข"),"") | BE12: =IF(COUNTIF($Z12:$BD12," /"),COUNTIF($Z12:$BD12," /"),"") | BF12: =IF(COUNTIF($Z12:$BD12,"ป"),COUNTIF($Z12:$BD12,"ป"),"") | BG12: =IF(COUNTIF($Z12:$BD12,"ล"),COUNTIF($Z12:$BD12,"ล"),"") | BH12: =IF(COUNTIF($Z12:$BD12,"ข"),COUNTIF($Z12:$BD12,"ข"),"") | CN12: =IF(COUNTIF($BI12:$CM12," /"),COUNTIF($BI12:$CM12," /"),"") | CO12: =IF(COUNTIF($BI12:$CM12,"ป"),COUNTIF($BI12:$CM12,"ป"),"") | CP12: =IF(COUNTIF($BI12:$CM12,"ล"),COUNTIF($BI12:$CM12,"ล"),"") | CQ12: =IF(COUNTIF($BI12:$CM12,"ข"),COUNTIF($BI12:$CM12,"ข"),"") | DW12: =IF(COUNTIF($CR12:$DV12," /"),COUNTIF($CR12:$DV12," /"),"") | DX12: =IF(COUNTIF($CR12:$DV12,"ป"),COUNTIF($CR12:$DV12,"ป"),"") | DY12: =IF(COUNTIF($CR12:$DV12,"ล"),COUNTIF($CR12:$DV12,"ล"),"") | DZ12: =IF(COUNTIF($CR12:$DV12,"ข"),COUNTIF($CR12:$DV12,"ข"),"") | FF12: =IF(COUNTIF($EA12:$FE12," /"),COUNTIF($EA12:$FE12," /"),"") | FG12: =IF(COUNTIF($EA12:$FE12,"ป"),COUNTIF($EA12:$FE12,"ป"),"") | FH12: =IF(COUNTIF($EA12:$FE12,"ล"),COUNTIF($EA12:$FE12,"ล"),"") | FI12: =IF(COUNTIF($EA12:$FE12,"ข"),COUNTIF($EA12:$FE12,"ข"),"") | GO12: =IF(COUNTIF($FJ12:$GN12," /"),COUNTIF($FJ12:$GN12," /"),"") | GP12: =IF(COUNTIF($FJ12:$GN12,"ป"),COUNTIF($FJ12:$GN12,"ป"),"") | GQ12: =IF(COUNTIF($FJ12:$GN12,"ล"),COUNTIF($FJ12:$GN12,"ล"),"") | GR12: =IF(COUNTIF($FJ12:$GN12,"ข"),COUNTIF($FJ12:$GN12,"ข"),"") | GS12: =IF(A12="","",SUM(V12,BE12,CN12,DW12,FF12,GO12)) | GT12: =IF(A12="","",SUM(W12,BF12,CO12,DX12,FG12,GP12)) | GU12: =IF(A12="","",SUM(X12,BG12,CP12,DY12,FH12,GQ12)) | GV12: =IF(A12="","",SUM(Y12,ZX12,BH12,CQ12,DZ12,FI12,GR12)) | GW12: =IF(A12="","",SUM(GS12,GT12,GU12,GV12))
A13: =IF('กรอกข้อมูล นร1'!A11,'กรอกข้อมูล นร1'!A11,"") | B13: ='กรอกข้อมูล นร1'!B11&"" | C13: ='กรอกข้อมูล นร1'!D11&"" | D13: =IF('กรอกข้อมูล นร1'!C11="","",'กรอกข้อมูล นร1'!C11) | E13: =IF(A13="","",$E$6) | V13: =IF(COUNTIF($F13:$U13," /"),COUNTIF($F13:$U13," /"),"") | W13: =IF(COUNTIF($F13:$U13,"ป"),COUNTIF($F13:$U13,"ป"),"") | X13: =IF(COUNTIF($F13:$U13,"ล"),COUNTIF($F13:$U13,"ล"),"") | Y13: =IF(COUNTIF($F13:$U13,"ข"),COUNTIF($F13:$U13,"ข"),"") | BE13: =IF(COUNTIF($Z13:$BD13," /"),COUNTIF($Z13:$BD13," /"),"") | BF13: =IF(COUNTIF($Z13:$BD13,"ป"),COUNTIF($Z13:$BD13,"ป"),"") | BG13: =IF(COUNTIF($Z13:$BD13,"ล"),COUNTIF($Z13:$BD13,"ล"),"") | BH13: =IF(COUNTIF($Z13:$BD13,"ข"),COUNTIF($Z13:$BD13,"ข"),"") | CN13: =IF(COUNTIF($BI13:$CM13," /"),COUNTIF($BI13:$CM13," /"),"") | CO13: =IF(COUNTIF($BI13:$CM13,"ป"),COUNTIF($BI13:$CM13,"ป"),"") | CP13: =IF(COUNTIF($BI13:$CM13,"ล"),COUNTIF($BI13:$CM13,"ล"),"") | CQ13: =IF(COUNTIF($BI13:$CM13,"ข"),COUNTIF($BI13:$CM13,"ข"),"") | DW13: =IF(COUNTIF($CR13:$DV13," /"),COUNTIF($CR13:$DV13," /"),"") | DX13: =IF(COUNTIF($CR13:$DV13,"ป"),COUNTIF($CR13:$DV13,"ป"),"") | DY13: =IF(COUNTIF($CR13:$DV13,"ล"),COUNTIF($CR13:$DV13,"ล"),"") | DZ13: =IF(COUNTIF($CR13:$DV13,"ข"),COUNTIF($CR13:$DV13,"ข"),"") | FF13: =IF(COUNTIF($EA13:$FE13," /"),COUNTIF($EA13:$FE13," /"),"") | FG13: =IF(COUNTIF($EA13:$FE13,"ป"),COUNTIF($EA13:$FE13,"ป"),"") | FH13: =IF(COUNTIF($EA13:$FE13,"ล"),COUNTIF($EA13:$FE13,"ล"),"") | FI13: =IF(COUNTIF($EA13:$FE13,"ข"),COUNTIF($EA13:$FE13,"ข"),"") | GO13: =IF(COUNTIF($FJ13:$GN13," /"),COUNTIF($FJ13:$GN13," /"),"") | GP13: =IF(COUNTIF($FJ13:$GN13,"ป"),COUNTIF($FJ13:$GN13,"ป"),"") | GQ13: =IF(COUNTIF($FJ13:$GN13,"ล"),COUNTIF($FJ13:$GN13,"ล"),"") | GR13: =IF(COUNTIF($FJ13:$GN13,"ข"),COUNTIF($FJ13:$GN13,"ข"),"") | GS13: =IF(A13="","",SUM(V13,BE13,CN13,DW13,FF13,GO13)) | GT13: =IF(A13="","",SUM(W13,BF13,CO13,DX13,FG13,GP13)) | GU13: =IF(A13="","",SUM(X13,BG13,CP13,DY13,FH13,GQ13)) | GV13: =IF(A13="","",SUM(Y13,ZX13,BH13,CQ13,DZ13,FI13,GR13)) | GW13: =IF(A13="","",SUM(GS13,GT13,GU13,GV13))
A14: =IF('กรอกข้อมูล นร1'!A12,'กรอกข้อมูล นร1'!A12,"") | B14: ='กรอกข้อมูล นร1'!B12&"" | C14: ='กรอกข้อมูล นร1'!D12&"" | D14: =IF('กรอกข้อมูล นร1'!C12="","",'กรอกข้อมูล นร1'!C12) | E14: =IF(A14="","",$E$6) | V14: =IF(COUNTIF($F14:$U14," /"),COUNTIF($F14:$U14," /"),"") | W14: =IF(COUNTIF($F14:$U14,"ป"),COUNTIF($F14:$U14,"ป"),"") | X14: =IF(COUNTIF($F14:$U14,"ล"),COUNTIF($F14:$U14,"ล"),"") | Y14: =IF(COUNTIF($F14:$U14,"ข"),COUNTIF($F14:$U14,"ข"),"") | BE14: =IF(COUNTIF($Z14:$BD14," /"),COUNTIF($Z14:$BD14," /"),"") | BF14: =IF(COUNTIF($Z14:$BD14,"ป"),COUNTIF($Z14:$BD14,"ป"),"") | BG14: =IF(COUNTIF($Z14:$BD14,"ล"),COUNTIF($Z14:$BD14,"ล"),"") | BH14: =IF(COUNTIF($Z14:$BD14,"ข"),COUNTIF($Z14:$BD14,"ข"),"") | CN14: =IF(COUNTIF($BI14:$CM14," /"),COUNTIF($BI14:$CM14," /"),"") | CO14: =IF(COUNTIF($BI14:$CM14,"ป"),COUNTIF($BI14:$CM14,"ป"),"") | CP14: =IF(COUNTIF($BI14:$CM14,"ล"),COUNTIF($BI14:$CM14,"ล"),"") | CQ14: =IF(COUNTIF($BI14:$CM14,"ข"),COUNTIF($BI14:$CM14,"ข"),"") | DW14: =IF(COUNTIF($CR14:$DV14," /"),COUNTIF($CR14:$DV14," /"),"") | DX14: =IF(COUNTIF($CR14:$DV14,"ป"),COUNTIF($CR14:$DV14,"ป"),"") | DY14: =IF(COUNTIF($CR14:$DV14,"ล"),COUNTIF($CR14:$DV14,"ล"),"") | DZ14: =IF(COUNTIF($CR14:$DV14,"ข"),COUNTIF($CR14:$DV14,"ข"),"") | FF14: =IF(COUNTIF($EA14:$FE14," /"),COUNTIF($EA14:$FE14," /"),"") | FG14: =IF(COUNTIF($EA14:$FE14,"ป"),COUNTIF($EA14:$FE14,"ป"),"") | FH14: =IF(COUNTIF($EA14:$FE14,"ล"),COUNTIF($EA14:$FE14,"ล"),"") | FI14: =IF(COUNTIF($EA14:$FE14,"ข"),COUNTIF($EA14:$FE14,"ข"),"") | GO14: =IF(COUNTIF($FJ14:$GN14," /"),COUNTIF($FJ14:$GN14," /"),"") | GP14: =IF(COUNTIF($FJ14:$GN14,"ป"),COUNTIF($FJ14:$GN14,"ป"),"") | GQ14: =IF(COUNTIF($FJ14:$GN14,"ล"),COUNTIF($FJ14:$GN14,"ล"),"") | GR14: =IF(COUNTIF($FJ14:$GN14,"ข"),COUNTIF($FJ14:$GN14,"ข"),"") | GS14: =IF(A14="","",SUM(V14,BE14,CN14,DW14,FF14,GO14)) | GT14: =IF(A14="","",SUM(W14,BF14,CO14,DX14,FG14,GP14)) | GU14: =IF(A14="","",SUM(X14,BG14,CP14,DY14,FH14,GQ14)) | GV14: =IF(A14="","",SUM(Y14,ZX14,BH14,CQ14,DZ14,FI14,GR14)) | GW14: =IF(A14="","",SUM(GS14,GT14,GU14,GV14))
A15: =IF('กรอกข้อมูล นร1'!A13,'กรอกข้อมูล นร1'!A13,"") | B15: ='กรอกข้อมูล นร1'!B13&"" | C15: ='กรอกข้อมูล นร1'!D13&"" | D15: =IF('กรอกข้อมูล นร1'!C13="","",'กรอกข้อมูล นร1'!C13) | E15: =IF(A15="","",$E$6) | V15: =IF(COUNTIF($F15:$U15," /"),COUNTIF($F15:$U15," /"),"") | W15: =IF(COUNTIF($F15:$U15,"ป"),COUNTIF($F15:$U15,"ป"),"") | X15: =IF(COUNTIF($F15:$U15,"ล"),COUNTIF($F15:$U15,"ล"),"") | Y15: =IF(COUNTIF($F15:$U15,"ข"),COUNTIF($F15:$U15,"ข"),"") | BE15: =IF(COUNTIF($Z15:$BD15," /"),COUNTIF($Z15:$BD15," /"),"") | BF15: =IF(COUNTIF($Z15:$BD15,"ป"),COUNTIF($Z15:$BD15,"ป"),"") | BG15: =IF(COUNTIF($Z15:$BD15,"ล"),COUNTIF($Z15:$BD15,"ล"),"") | BH15: =IF(COUNTIF($Z15:$BD15,"ข"),COUNTIF($Z15:$BD15,"ข"),"") | CN15: =IF(COUNTIF($BI15:$CM15," /"),COUNTIF($BI15:$CM15," /"),"") | CO15: =IF(COUNTIF($BI15:$CM15,"ป"),COUNTIF($BI15:$CM15,"ป"),"") | CP15: =IF(COUNTIF($BI15:$CM15,"ล"),COUNTIF($BI15:$CM15,"ล"),"") | CQ15: =IF(COUNTIF($BI15:$CM15,"ข"),COUNTIF($BI15:$CM15,"ข"),"") | DW15: =IF(COUNTIF($CR15:$DV15," /"),COUNTIF($CR15:$DV15," /"),"") | DX15: =IF(COUNTIF($CR15:$DV15,"ป"),COUNTIF($CR15:$DV15,"ป"),"") | DY15: =IF(COUNTIF($CR15:$DV15,"ล"),COUNTIF($CR15:$DV15,"ล"),"") | DZ15: =IF(COUNTIF($CR15:$DV15,"ข"),COUNTIF($CR15:$DV15,"ข"),"") | FF15: =IF(COUNTIF($EA15:$FE15," /"),COUNTIF($EA15:$FE15," /"),"") | FG15: =IF(COUNTIF($EA15:$FE15,"ป"),COUNTIF($EA15:$FE15,"ป"),"") | FH15: =IF(COUNTIF($EA15:$FE15,"ล"),COUNTIF($EA15:$FE15,"ล"),"") | FI15: =IF(COUNTIF($EA15:$FE15,"ข"),COUNTIF($EA15:$FE15,"ข"),"") | GO15: =IF(COUNTIF($FJ15:$GN15," /"),COUNTIF($FJ15:$GN15," /"),"") | GP15: =IF(COUNTIF($FJ15:$GN15,"ป"),COUNTIF($FJ15:$GN15,"ป"),"") | GQ15: =IF(COUNTIF($FJ15:$GN15,"ล"),COUNTIF($FJ15:$GN15,"ล"),"") | GR15: =IF(COUNTIF($FJ15:$GN15,"ข"),COUNTIF($FJ15:$GN15,"ข"),"") | GS15: =IF(A15="","",SUM(V15,BE15,CN15,DW15,FF15,GO15)) | GT15: =IF(A15="","",SUM(W15,BF15,CO15,DX15,FG15,GP15)) | GU15: =IF(A15="","",SUM(X15,BG15,CP15,DY15,FH15,GQ15)) | GV15: =IF(A15="","",SUM(Y15,ZX15,BH15,CQ15,DZ15,FI15,GR15)) | GW15: =IF(A15="","",SUM(GS15,GT15,GU15,GV15))
A16: =IF('กรอกข้อมูล นร1'!A14,'กรอกข้อมูล นร1'!A14,"") | B16: ='กรอกข้อมูล นร1'!B14&"" | C16: ='กรอกข้อมูล นร1'!D14&"" | D16: =IF('กรอกข้อมูล นร1'!C14="","",'กรอกข้อมูล นร1'!C14) | E16: =IF(A16="","",$E$6) | V16: =IF(COUNTIF($F16:$U16," /"),COUNTIF($F16:$U16," /"),"") | W16: =IF(COUNTIF($F16:$U16,"ป"),COUNTIF($F16:$U16,"ป"),"") | X16: =IF(COUNTIF($F16:$U16,"ล"),COUNTIF($F16:$U16,"ล"),"") | Y16: =IF(COUNTIF($F16:$U16,"ข"),COUNTIF($F16:$U16,"ข"),"") | BE16: =IF(COUNTIF($Z16:$BD16," /"),COUNTIF($Z16:$BD16," /"),"") | BF16: =IF(COUNTIF($Z16:$BD16,"ป"),COUNTIF($Z16:$BD16,"ป"),"") | BG16: =IF(COUNTIF($Z16:$BD16,"ล"),COUNTIF($Z16:$BD16,"ล"),"") | BH16: =IF(COUNTIF($Z16:$BD16,"ข"),COUNTIF($Z16:$BD16,"ข"),"") | CN16: =IF(COUNTIF($BI16:$CM16," /"),COUNTIF($BI16:$CM16," /"),"") | CO16: =IF(COUNTIF($BI16:$CM16,"ป"),COUNTIF($BI16:$CM16,"ป"),"") | CP16: =IF(COUNTIF($BI16:$CM16,"ล"),COUNTIF($BI16:$CM16,"ล"),"") | CQ16: =IF(COUNTIF($BI16:$CM16,"ข"),COUNTIF($BI16:$CM16,"ข"),"") | DW16: =IF(COUNTIF($CR16:$DV16," /"),COUNTIF($CR16:$DV16," /"),"") | DX16: =IF(COUNTIF($CR16:$DV16,"ป"),COUNTIF($CR16:$DV16,"ป"),"") | DY16: =IF(COUNTIF($CR16:$DV16,"ล"),COUNTIF($CR16:$DV16,"ล"),"") | DZ16: =IF(COUNTIF($CR16:$DV16,"ข"),COUNTIF($CR16:$DV16,"ข"),"") | FF16: =IF(COUNTIF($EA16:$FE16," /"),COUNTIF($EA16:$FE16," /"),"") | FG16: =IF(COUNTIF($EA16:$FE16,"ป"),COUNTIF($EA16:$FE16,"ป"),"") | FH16: =IF(COUNTIF($EA16:$FE16,"ล"),COUNTIF($EA16:$FE16,"ล"),"") | FI16: =IF(COUNTIF($EA16:$FE16,"ข"),COUNTIF($EA16:$FE16,"ข"),"") | GO16: =IF(COUNTIF($FJ16:$GN16," /"),COUNTIF($FJ16:$GN16," /"),"") | GP16: =IF(COUNTIF($FJ16:$GN16,"ป"),COUNTIF($FJ16:$GN16,"ป"),"") | GQ16: =IF(COUNTIF($FJ16:$GN16,"ล"),COUNTIF($FJ16:$GN16,"ล"),"") | GR16: =IF(COUNTIF($FJ16:$GN16,"ข"),COUNTIF($FJ16:$GN16,"ข"),"") | GS16: =IF(A16="","",SUM(V16,BE16,CN16,DW16,FF16,GO16)) | GT16: =IF(A16="","",SUM(W16,BF16,CO16,DX16,FG16,GP16)) | GU16: =IF(A16="","",SUM(X16,BG16,CP16,DY16,FH16,GQ16)) | GV16: =IF(A16="","",SUM(Y16,ZX16,BH16,CQ16,DZ16,FI16,GR16)) | GW16: =IF(A16="","",SUM(GS16,GT16,GU16,GV16))
A17: =IF('กรอกข้อมูล นร1'!A15,'กรอกข้อมูล นร1'!A15,"") | B17: ='กรอกข้อมูล นร1'!B15&"" | C17: ='กรอกข้อมูล นร1'!D15&"" | D17: =IF('กรอกข้อมูล นร1'!C15="","",'กรอกข้อมูล นร1'!C15) | E17: =IF(A17="","",$E$6) | V17: =IF(COUNTIF($F17:$U17," /"),COUNTIF($F17:$U17," /"),"") | W17: =IF(COUNTIF($F17:$U17,"ป"),COUNTIF($F17:$U17,"ป"),"") | X17: =IF(COUNTIF($F17:$U17,"ล"),COUNTIF($F17:$U17,"ล"),"") | Y17: =IF(COUNTIF($F17:$U17,"ข"),COUNTIF($F17:$U17,"ข"),"") | BE17: =IF(COUNTIF($Z17:$BD17," /"),COUNTIF($Z17:$BD17," /"),"") | BF17: =IF(COUNTIF($Z17:$BD17,"ป"),COUNTIF($Z17:$BD17,"ป"),"") | BG17: =IF(COUNTIF($Z17:$BD17,"ล"),COUNTIF($Z17:$BD17,"ล"),"") | BH17: =IF(COUNTIF($Z17:$BD17,"ข"),COUNTIF($Z17:$BD17,"ข"),"") | CN17: =IF(COUNTIF($BI17:$CM17," /"),COUNTIF($BI17:$CM17," /"),"") | CO17: =IF(COUNTIF($BI17:$CM17,"ป"),COUNTIF($BI17:$CM17,"ป"),"") | CP17: =IF(COUNTIF($BI17:$CM17,"ล"),COUNTIF($BI17:$CM17,"ล"),"") | CQ17: =IF(COUNTIF($BI17:$CM17,"ข"),COUNTIF($BI17:$CM17,"ข"),"") | DW17: =IF(COUNTIF($CR17:$DV17," /"),COUNTIF($CR17:$DV17," /"),"") | DX17: =IF(COUNTIF($CR17:$DV17,"ป"),COUNTIF($CR17:$DV17,"ป"),"") | DY17: =IF(COUNTIF($CR17:$DV17,"ล"),COUNTIF($CR17:$DV17,"ล"),"") | DZ17: =IF(COUNTIF($CR17:$DV17,"ข"),COUNTIF($CR17:$DV17,"ข"),"") | FF17: =IF(COUNTIF($EA17:$FE17," /"),COUNTIF($EA17:$FE17," /"),"") | FG17: =IF(COUNTIF($EA17:$FE17,"ป"),COUNTIF($EA17:$FE17,"ป"),"") | FH17: =IF(COUNTIF($EA17:$FE17,"ล"),COUNTIF($EA17:$FE17,"ล"),"") | FI17: =IF(COUNTIF($EA17:$FE17,"ข"),COUNTIF($EA17:$FE17,"ข"),"") | GO17: =IF(COUNTIF($FJ17:$GN17," /"),COUNTIF($FJ17:$GN17," /"),"") | GP17: =IF(COUNTIF($FJ17:$GN17,"ป"),COUNTIF($FJ17:$GN17,"ป"),"") | GQ17: =IF(COUNTIF($FJ17:$GN17,"ล"),COUNTIF($FJ17:$GN17,"ล"),"") | GR17: =IF(COUNTIF($FJ17:$GN17,"ข"),COUNTIF($FJ17:$GN17,"ข"),"") | GS17: =IF(A17="","",SUM(V17,BE17,CN17,DW17,FF17,GO17)) | GT17: =IF(A17="","",SUM(W17,BF17,CO17,DX17,FG17,GP17)) | GU17: =IF(A17="","",SUM(X17,BG17,CP17,DY17,FH17,GQ17)) | GV17: =IF(A17="","",SUM(Y17,ZX17,BH17,CQ17,DZ17,FI17,GR17)) | GW17: =IF(A17="","",SUM(GS17,GT17,GU17,GV17))
A18: =IF('กรอกข้อมูล นร1'!A16,'กรอกข้อมูล นร1'!A16,"") | B18: ='กรอกข้อมูล นร1'!B16&"" | C18: ='กรอกข้อมูล นร1'!D16&"" | D18: =IF('กรอกข้อมูล นร1'!C16="","",'กรอกข้อมูล นร1'!C16) | E18: =IF(A18="","",$E$6) | V18: =IF(COUNTIF($F18:$U18," /"),COUNTIF($F18:$U18," /"),"") | W18: =IF(COUNTIF($F18:$U18,"ป"),COUNTIF($F18:$U18,"ป"),"") | X18: =IF(COUNTIF($F18:$U18,"ล"),COUNTIF($F18:$U18,"ล"),"") | Y18: =IF(COUNTIF($F18:$U18,"ข"),COUNTIF($F18:$U18,"ข"),"") | BE18: =IF(COUNTIF($Z18:$BD18," /"),COUNTIF($Z18:$BD18," /"),"") | BF18: =IF(COUNTIF($Z18:$BD18,"ป"),COUNTIF($Z18:$BD18,"ป"),"") | BG18: =IF(COUNTIF($Z18:$BD18,"ล"),COUNTIF($Z18:$BD18,"ล"),"") | BH18: =IF(COUNTIF($Z18:$BD18,"ข"),COUNTIF($Z18:$BD18,"ข"),"") | CN18: =IF(COUNTIF($BI18:$CM18," /"),COUNTIF($BI18:$CM18," /"),"") | CO18: =IF(COUNTIF($BI18:$CM18,"ป"),COUNTIF($BI18:$CM18,"ป"),"") | CP18: =IF(COUNTIF($BI18:$CM18,"ล"),COUNTIF($BI18:$CM18,"ล"),"") | CQ18: =IF(COUNTIF($BI18:$CM18,"ข"),COUNTIF($BI18:$CM18,"ข"),"") | DW18: =IF(COUNTIF($CR18:$DV18," /"),COUNTIF($CR18:$DV18," /"),"") | DX18: =IF(COUNTIF($CR18:$DV18,"ป"),COUNTIF($CR18:$DV18,"ป"),"") | DY18: =IF(COUNTIF($CR18:$DV18,"ล"),COUNTIF($CR18:$DV18,"ล"),"") | DZ18: =IF(COUNTIF($CR18:$DV18,"ข"),COUNTIF($CR18:$DV18,"ข"),"") | FF18: =IF(COUNTIF($EA18:$FE18," /"),COUNTIF($EA18:$FE18," /"),"") | FG18: =IF(COUNTIF($EA18:$FE18,"ป"),COUNTIF($EA18:$FE18,"ป"),"") | FH18: =IF(COUNTIF($EA18:$FE18,"ล"),COUNTIF($EA18:$FE18,"ล"),"") | FI18: =IF(COUNTIF($EA18:$FE18,"ข"),COUNTIF($EA18:$FE18,"ข"),"") | GO18: =IF(COUNTIF($FJ18:$GN18," /"),COUNTIF($FJ18:$GN18," /"),"") | GP18: =IF(COUNTIF($FJ18:$GN18,"ป"),COUNTIF($FJ18:$GN18,"ป"),"") | GQ18: =IF(COUNTIF($FJ18:$GN18,"ล"),COUNTIF($FJ18:$GN18,"ล"),"") | GR18: =IF(COUNTIF($FJ18:$GN18,"ข"),COUNTIF($FJ18:$GN18,"ข"),"") | GS18: =IF(A18="","",SUM(V18,BE18,CN18,DW18,FF18,GO18)) | GT18: =IF(A18="","",SUM(W18,BF18,CO18,DX18,FG18,GP18)) | GU18: =IF(A18="","",SUM(X18,BG18,CP18,DY18,FH18,GQ18)) | GV18: =IF(A18="","",SUM(Y18,ZX18,BH18,CQ18,DZ18,FI18,GR18)) | GW18: =IF(A18="","",SUM(GS18,GT18,GU18,GV18))
A19: =IF('กรอกข้อมูล นร1'!A17,'กรอกข้อมูล นร1'!A17,"") | B19: ='กรอกข้อมูล นร1'!B17&"" | C19: ='กรอกข้อมูล นร1'!D17&"" | D19: =IF('กรอกข้อมูล นร1'!C17="","",'กรอกข้อมูล นร1'!C17) | E19: =IF(A19="","",$E$6) | R19: =IF(COUNTIF($F19:$BD19," /"),COUNTIF($F19:$BD19," /"),"") | S19: =IF(COUNTIF($F19:$BD19,"ป"),COUNTIF($G19:$BD19,"ป"),"") | T19: =IF(COUNTIF($F19:$BD19,"ล"),COUNTIF($G19:$BD19,"ล"),"") | U19: =IF(COUNTIF($F19:$BD19,"ข"),COUNTIF($G19:$BD19,"ข"),"") | V19: =IF(COUNTIF($F19:$U19," /"),COUNTIF($F19:$U19," /"),"") | W19: =IF(COUNTIF($F19:$U19,"ป"),COUNTIF($F19:$U19,"ป"),"") | X19: =IF(COUNTIF($F19:$U19,"ล"),COUNTIF($F19:$U19,"ล"),"") | Y19: =IF(COUNTIF($F19:$U19,"ข"),COUNTIF($F19:$U19,"ข"),"") | BE19: =IF(COUNTIF($Z19:$BD19," /"),COUNTIF($Z19:$BD19," /"),"") | BF19: =IF(COUNTIF($Z19:$BD19,"ป"),COUNTIF($Z19:$BD19,"ป"),"") | BG19: =IF(COUNTIF($Z19:$BD19,"ล"),COUNTIF($Z19:$BD19,"ล"),"") | BH19: =IF(COUNTIF($Z19:$BD19,"ข"),COUNTIF($Z19:$BD19,"ข"),"") | CN19: =IF(COUNTIF($BI19:$CM19," /"),COUNTIF($BI19:$CM19," /"),"") | CO19: =IF(COUNTIF($BI19:$CM19,"ป"),COUNTIF($BI19:$CM19,"ป"),"") | CP19: =IF(COUNTIF($BI19:$CM19,"ล"),COUNTIF($BI19:$CM19,"ล"),"") | CQ19: =IF(COUNTIF($BI19:$CM19,"ข"),COUNTIF($BI19:$CM19,"ข"),"") | DW19: =IF(COUNTIF($CR19:$DV19," /"),COUNTIF($CR19:$DV19," /"),"") | DX19: =IF(COUNTIF($CR19:$DV19,"ป"),COUNTIF($CR19:$DV19,"ป"),"") | DY19: =IF(COUNTIF($CR19:$DV19,"ล"),COUNTIF($CR19:$DV19,"ล"),"") | DZ19: =IF(COUNTIF($CR19:$DV19,"ข"),COUNTIF($CR19:$DV19,"ข"),"") | FF19: =IF(COUNTIF($EA19:$FE19," /"),COUNTIF($EA19:$FE19," /"),"") | FG19: =IF(COUNTIF($EA19:$FE19,"ป"),COUNTIF($EA19:$FE19,"ป"),"") | FH19: =IF(COUNTIF($EA19:$FE19,"ล"),COUNTIF($EA19:$FE19,"ล"),"") | FI19: =IF(COUNTIF($EA19:$FE19,"ข"),COUNTIF($EA19:$FE19,"ข"),"") | GO19: =IF(COUNTIF($FJ19:$GN19," /"),COUNTIF($FJ19:$GN19," /"),"") | GP19: =IF(COUNTIF($FJ19:$GN19,"ป"),COUNTIF($FJ19:$GN19,"ป"),"") | GQ19: =IF(COUNTIF($FJ19:$GN19,"ล"),COUNTIF($FJ19:$GN19,"ล"),"") | GR19: =IF(COUNTIF($FJ19:$GN19,"ข"),COUNTIF($FJ19:$GN19,"ข"),"") | GS19: =IF(A19="","",SUM(V19,BE19,CN19,DW19,FF19,GO19)) | GT19: =IF(A19="","",SUM(W19,BF19,CO19,DX19,FG19,GP19)) | GU19: =IF(A19="","",SUM(X19,BG19,CP19,DY19,FH19,GQ19)) | GV19: =IF(A19="","",SUM(Y19,ZX19,BH19,CQ19,DZ19,FI19,GR19)) | GW19: =IF(A19="","",SUM(GS19,GT19,GU19,GV19))
A20: =IF('กรอกข้อมูล นร1'!A18,'กรอกข้อมูล นร1'!A18,"") | B20: ='กรอกข้อมูล นร1'!B18&"" | C20: ='กรอกข้อมูล นร1'!D18&"" | D20: =IF('กรอกข้อมูล นร1'!C18="","",'กรอกข้อมูล นร1'!C18) | E20: =IF(A20="","",$E$6) | R20: =IF(COUNTIF($F20:$BD20," /"),COUNTIF($F20:$BD20," /"),"") | S20: =IF(COUNTIF($F20:$BD20,"ป"),COUNTIF($G20:$BD20,"ป"),"") | T20: =IF(COUNTIF($F20:$BD20,"ล"),COUNTIF($G20:$BD20,"ล"),"") | U20: =IF(COUNTIF($F20:$BD20,"ข"),COUNTIF($G20:$BD20,"ข"),"") | V20: =IF(COUNTIF($F20:$U20," /"),COUNTIF($F20:$U20," /"),"") | W20: =IF(COUNTIF($F20:$U20,"ป"),COUNTIF($F20:$U20,"ป"),"") | X20: =IF(COUNTIF($F20:$U20,"ล"),COUNTIF($F20:$U20,"ล"),"") | Y20: =IF(COUNTIF($F20:$U20,"ข"),COUNTIF($F20:$U20,"ข"),"") | BE20: =IF(COUNTIF($Z20:$BD20," /"),COUNTIF($Z20:$BD20," /"),"") | BF20: =IF(COUNTIF($Z20:$BD20,"ป"),COUNTIF($Z20:$BD20,"ป"),"") | BG20: =IF(COUNTIF($Z20:$BD20,"ล"),COUNTIF($Z20:$BD20,"ล"),"") | BH20: =IF(COUNTIF($Z20:$BD20,"ข"),COUNTIF($Z20:$BD20,"ข"),"") | CN20: =IF(COUNTIF($BI20:$CM20," /"),COUNTIF($BI20:$CM20," /"),"") | CO20: =IF(COUNTIF($BI20:$CM20,"ป"),COUNTIF($BI20:$CM20,"ป"),"") | CP20: =IF(COUNTIF($BI20:$CM20,"ล"),COUNTIF($BI20:$CM20,"ล"),"") | CQ20: =IF(COUNTIF($BI20:$CM20,"ข"),COUNTIF($BI20:$CM20,"ข"),"") | DW20: =IF(COUNTIF($CR20:$DV20," /"),COUNTIF($CR20:$DV20," /"),"") | DX20: =IF(COUNTIF($CR20:$DV20,"ป"),COUNTIF($CR20:$DV20,"ป"),"") | DY20: =IF(COUNTIF($CR20:$DV20,"ล"),COUNTIF($CR20:$DV20,"ล"),"") | DZ20: =IF(COUNTIF($CR20:$DV20,"ข"),COUNTIF($CR20:$DV20,"ข"),"") | FF20: =IF(COUNTIF($EA20:$FE20," /"),COUNTIF($EA20:$FE20," /"),"") | FG20: =IF(COUNTIF($EA20:$FE20,"ป"),COUNTIF($EA20:$FE20,"ป"),"") | FH20: =IF(COUNTIF($EA20:$FE20,"ล"),COUNTIF($EA20:$FE20,"ล"),"") | FI20: =IF(COUNTIF($EA20:$FE20,"ข"),COUNTIF($EA20:$FE20,"ข"),"") | GO20: =IF(COUNTIF($FJ20:$GN20," /"),COUNTIF($FJ20:$GN20," /"),"") | GP20: =IF(COUNTIF($FJ20:$GN20,"ป"),COUNTIF($FJ20:$GN20,"ป"),"") | GQ20: =IF(COUNTIF($FJ20:$GN20,"ล"),COUNTIF($FJ20:$GN20,"ล"),"") | GR20: =IF(COUNTIF($FJ20:$GN20,"ข"),COUNTIF($FJ20:$GN20,"ข"),"") | GS20: =IF(A20="","",SUM(V20,BE20,CN20,DW20,FF20,GO20)) | GT20: =IF(A20="","",SUM(W20,BF20,CO20,DX20,FG20,GP20)) | GU20: =IF(A20="","",SUM(X20,BG20,CP20,DY20,FH20,GQ20)) | GV20: =IF(A20="","",SUM(Y20,ZX20,BH20,CQ20,DZ20,FI20,GR20)) | GW20: =IF(A20="","",SUM(GS20,GT20,GU20,GV20))
A21: =IF('กรอกข้อมูล นร1'!A19,'กรอกข้อมูล นร1'!A19,"") | B21: ='กรอกข้อมูล นร1'!B19&"" | C21: ='กรอกข้อมูล นร1'!D19&"" | D21: =IF('กรอกข้อมูล นร1'!C19="","",'กรอกข้อมูล นร1'!C19) | E21: =IF(A21="","",$E$6) | R21: =IF(COUNTIF($F21:$BD21," /"),COUNTIF($F21:$BD21," /"),"") | S21: =IF(COUNTIF($F21:$BD21,"ป"),COUNTIF($G21:$BD21,"ป"),"") | T21: =IF(COUNTIF($F21:$BD21,"ล"),COUNTIF($G21:$BD21,"ล"),"") | U21: =IF(COUNTIF($F21:$BD21,"ข"),COUNTIF($G21:$BD21,"ข"),"") | V21: =IF(COUNTIF($F21:$U21," /"),COUNTIF($F21:$U21," /"),"") | W21: =IF(COUNTIF($F21:$U21,"ป"),COUNTIF($F21:$U21,"ป"),"") | X21: =IF(COUNTIF($F21:$U21,"ล"),COUNTIF($F21:$U21,"ล"),"") | Y21: =IF(COUNTIF($F21:$U21,"ข"),COUNTIF($F21:$U21,"ข"),"") | BE21: =IF(COUNTIF($Z21:$BD21," /"),COUNTIF($Z21:$BD21," /"),"") | BF21: =IF(COUNTIF($Z21:$BD21,"ป"),COUNTIF($Z21:$BD21,"ป"),"") | BG21: =IF(COUNTIF($Z21:$BD21,"ล"),COUNTIF($Z21:$BD21,"ล"),"") | BH21: =IF(COUNTIF($Z21:$BD21,"ข"),COUNTIF($Z21:$BD21,"ข"),"") | CN21: =IF(COUNTIF($BI21:$CM21," /"),COUNTIF($BI21:$CM21," /"),"") | CO21: =IF(COUNTIF($BI21:$CM21,"ป"),COUNTIF($BI21:$CM21,"ป"),"") | CP21: =IF(COUNTIF($BI21:$CM21,"ล"),COUNTIF($BI21:$CM21,"ล"),"") | CQ21: =IF(COUNTIF($BI21:$CM21,"ข"),COUNTIF($BI21:$CM21,"ข"),"") | DW21: =IF(COUNTIF($CR21:$DV21," /"),COUNTIF($CR21:$DV21," /"),"") | DX21: =IF(COUNTIF($CR21:$DV21,"ป"),COUNTIF($CR21:$DV21,"ป"),"") | DY21: =IF(COUNTIF($CR21:$DV21,"ล"),COUNTIF($CR21:$DV21,"ล"),"") | DZ21: =IF(COUNTIF($CR21:$DV21,"ข"),COUNTIF($CR21:$DV21,"ข"),"") | FF21: =IF(COUNTIF($EA21:$FE21," /"),COUNTIF($EA21:$FE21," /"),"") | FG21: =IF(COUNTIF($EA21:$FE21,"ป"),COUNTIF($EA21:$FE21,"ป"),"") | FH21: =IF(COUNTIF($EA21:$FE21,"ล"),COUNTIF($EA21:$FE21,"ล"),"") | FI21: =IF(COUNTIF($EA21:$FE21,"ข"),COUNTIF($EA21:$FE21,"ข"),"") | GO21: =IF(COUNTIF($FJ21:$GN21," /"),COUNTIF($FJ21:$GN21," /"),"") | GP21: =IF(COUNTIF($FJ21:$GN21,"ป"),COUNTIF($FJ21:$GN21,"ป"),"") | GQ21: =IF(COUNTIF($FJ21:$GN21,"ล"),COUNTIF($FJ21:$GN21,"ล"),"") | GR21: =IF(COUNTIF($FJ21:$GN21,"ข"),COUNTIF($FJ21:$GN21,"ข"),"") | GS21: =IF(A21="","",SUM(V21,BE21,CN21,DW21,FF21,GO21)) | GT21: =IF(A21="","",SUM(W21,BF21,CO21,DX21,FG21,GP21)) | GU21: =IF(A21="","",SUM(X21,BG21,CP21,DY21,FH21,GQ21)) | GV21: =IF(A21="","",SUM(Y21,ZX21,BH21,CQ21,DZ21,FI21,GR21)) | GW21: =IF(A21="","",SUM(GS21,GT21,GU21,GV21))
A22: =IF('กรอกข้อมูล นร1'!A20,'กรอกข้อมูล นร1'!A20,"") | B22: ='กรอกข้อมูล นร1'!B20&"" | C22: ='กรอกข้อมูล นร1'!D20&"" | D22: =IF('กรอกข้อมูล นร1'!C20="","",'กรอกข้อมูล นร1'!C20) | E22: =IF(A22="","",$E$6) | R22: =IF(COUNTIF($F22:$BD22," /"),COUNTIF($F22:$BD22," /"),"") | S22: =IF(COUNTIF($F22:$BD22,"ป"),COUNTIF($G22:$BD22,"ป"),"") | T22: =IF(COUNTIF($F22:$BD22,"ล"),COUNTIF($G22:$BD22,"ล"),"") | U22: =IF(COUNTIF($F22:$BD22,"ข"),COUNTIF($G22:$BD22,"ข"),"") | V22: =IF(COUNTIF($F22:$U22," /"),COUNTIF($F22:$U22," /"),"") | W22: =IF(COUNTIF($F22:$U22,"ป"),COUNTIF($F22:$U22,"ป"),"") | X22: =IF(COUNTIF($F22:$U22,"ล"),COUNTIF($F22:$U22,"ล"),"") | Y22: =IF(COUNTIF($F22:$U22,"ข"),COUNTIF($F22:$U22,"ข"),"") | BE22: =IF(COUNTIF($Z22:$BD22," /"),COUNTIF($Z22:$BD22," /"),"") | BF22: =IF(COUNTIF($Z22:$BD22,"ป"),COUNTIF($Z22:$BD22,"ป"),"") | BG22: =IF(COUNTIF($Z22:$BD22,"ล"),COUNTIF($Z22:$BD22,"ล"),"") | BH22: =IF(COUNTIF($Z22:$BD22,"ข"),COUNTIF($Z22:$BD22,"ข"),"") | CN22: =IF(COUNTIF($BI22:$CM22," /"),COUNTIF($BI22:$CM22," /"),"") | CO22: =IF(COUNTIF($BI22:$CM22,"ป"),COUNTIF($BI22:$CM22,"ป"),"") | CP22: =IF(COUNTIF($BI22:$CM22,"ล"),COUNTIF($BI22:$CM22,"ล"),"") | CQ22: =IF(COUNTIF($BI22:$CM22,"ข"),COUNTIF($BI22:$CM22,"ข"),"") | DW22: =IF(COUNTIF($CR22:$DV22," /"),COUNTIF($CR22:$DV22," /"),"") | DX22: =IF(COUNTIF($CR22:$DV22,"ป"),COUNTIF($CR22:$DV22,"ป"),"") | DY22: =IF(COUNTIF($CR22:$DV22,"ล"),COUNTIF($CR22:$DV22,"ล"),"") | DZ22: =IF(COUNTIF($CR22:$DV22,"ข"),COUNTIF($CR22:$DV22,"ข"),"") | FF22: =IF(COUNTIF($EA22:$FE22," /"),COUNTIF($EA22:$FE22," /"),"") | FG22: =IF(COUNTIF($EA22:$FE22,"ป"),COUNTIF($EA22:$FE22,"ป"),"") | FH22: =IF(COUNTIF($EA22:$FE22,"ล"),COUNTIF($EA22:$FE22,"ล"),"") | FI22: =IF(COUNTIF($EA22:$FE22,"ข"),COUNTIF($EA22:$FE22,"ข"),"") | GO22: =IF(COUNTIF($FJ22:$GN22," /"),COUNTIF($FJ22:$GN22," /"),"") | GP22: =IF(COUNTIF($FJ22:$GN22,"ป"),COUNTIF($FJ22:$GN22,"ป"),"") | GQ22: =IF(COUNTIF($FJ22:$GN22,"ล"),COUNTIF($FJ22:$GN22,"ล"),"") | GR22: =IF(COUNTIF($FJ22:$GN22,"ข"),COUNTIF($FJ22:$GN22,"ข"),"") | GS22: =IF(A22="","",SUM(V22,BE22,CN22,DW22,FF22,GO22)) | GT22: =IF(A22="","",SUM(W22,BF22,CO22,DX22,FG22,GP22)) | GU22: =IF(A22="","",SUM(X22,BG22,CP22,DY22,FH22,GQ22)) | GV22: =IF(A22="","",SUM(Y22,ZX22,BH22,CQ22,DZ22,FI22,GR22)) | GW22: =IF(A22="","",SUM(GS22,GT22,GU22,GV22))
A23: =IF('กรอกข้อมูล นร1'!A21,'กรอกข้อมูล นร1'!A21,"") | B23: ='กรอกข้อมูล นร1'!B21&"" | C23: ='กรอกข้อมูล นร1'!D21&"" | D23: =IF('กรอกข้อมูล นร1'!C21="","",'กรอกข้อมูล นร1'!C21) | E23: =IF(A23="","",$E$6) | R23: =IF(COUNTIF($F23:$BD23," /"),COUNTIF($F23:$BD23," /"),"") | S23: =IF(COUNTIF($F23:$BD23,"ป"),COUNTIF($G23:$BD23,"ป"),"") | T23: =IF(COUNTIF($F23:$BD23,"ล"),COUNTIF($G23:$BD23,"ล"),"") | U23: =IF(COUNTIF($F23:$BD23,"ข"),COUNTIF($G23:$BD23,"ข"),"") | V23: =IF(COUNTIF($F23:$U23," /"),COUNTIF($F23:$U23," /"),"") | W23: =IF(COUNTIF($F23:$U23,"ป"),COUNTIF($F23:$U23,"ป"),"") | X23: =IF(COUNTIF($F23:$U23,"ล"),COUNTIF($F23:$U23,"ล"),"") | Y23: =IF(COUNTIF($F23:$U23,"ข"),COUNTIF($F23:$U23,"ข"),"") | BE23: =IF(COUNTIF($Z23:$BD23," /"),COUNTIF($Z23:$BD23," /"),"") | BF23: =IF(COUNTIF($Z23:$BD23,"ป"),COUNTIF($Z23:$BD23,"ป"),"") | BG23: =IF(COUNTIF($Z23:$BD23,"ล"),COUNTIF($Z23:$BD23,"ล"),"") | BH23: =IF(COUNTIF($Z23:$BD23,"ข"),COUNTIF($Z23:$BD23,"ข"),"") | CN23: =IF(COUNTIF($BI23:$CM23," /"),COUNTIF($BI23:$CM23," /"),"") | CO23: =IF(COUNTIF($BI23:$CM23,"ป"),COUNTIF($BI23:$CM23,"ป"),"") | CP23: =IF(COUNTIF($BI23:$CM23,"ล"),COUNTIF($BI23:$CM23,"ล"),"") | CQ23: =IF(COUNTIF($BI23:$CM23,"ข"),COUNTIF($BI23:$CM23,"ข"),"") | DW23: =IF(COUNTIF($CR23:$DV23," /"),COUNTIF($CR23:$DV23," /"),"") | DX23: =IF(COUNTIF($CR23:$DV23,"ป"),COUNTIF($CR23:$DV23,"ป"),"") | DY23: =IF(COUNTIF($CR23:$DV23,"ล"),COUNTIF($CR23:$DV23,"ล"),"") | DZ23: =IF(COUNTIF($CR23:$DV23,"ข"),COUNTIF($CR23:$DV23,"ข"),"") | FF23: =IF(COUNTIF($EA23:$FE23," /"),COUNTIF($EA23:$FE23," /"),"") | FG23: =IF(COUNTIF($EA23:$FE23,"ป"),COUNTIF($EA23:$FE23,"ป"),"") | FH23: =IF(COUNTIF($EA23:$FE23,"ล"),COUNTIF($EA23:$FE23,"ล"),"") | FI23: =IF(COUNTIF($EA23:$FE23,"ข"),COUNTIF($EA23:$FE23,"ข"),"") | GO23: =IF(COUNTIF($FJ23:$GN23," /"),COUNTIF($FJ23:$GN23," /"),"") | GP23: =IF(COUNTIF($FJ23:$GN23,"ป"),COUNTIF($FJ23:$GN23,"ป"),"") | GQ23: =IF(COUNTIF($FJ23:$GN23,"ล"),COUNTIF($FJ23:$GN23,"ล"),"") | GR23: =IF(COUNTIF($FJ23:$GN23,"ข"),COUNTIF($FJ23:$GN23,"ข"),"") | GS23: =IF(A23="","",SUM(V23,BE23,CN23,DW23,FF23,GO23)) | GT23: =IF(A23="","",SUM(W23,BF23,CO23,DX23,FG23,GP23)) | GU23: =IF(A23="","",SUM(X23,BG23,CP23,DY23,FH23,GQ23)) | GV23: =IF(A23="","",SUM(Y23,ZX23,BH23,CQ23,DZ23,FI23,GR23)) | GW23: =IF(A23="","",SUM(GS23,GT23,GU23,GV23))
A24: =IF('กรอกข้อมูล นร1'!A22,'กรอกข้อมูล นร1'!A22,"") | B24: ='กรอกข้อมูล นร1'!B22&"" | C24: ='กรอกข้อมูล นร1'!D22&"" | D24: =IF('กรอกข้อมูล นร1'!C22="","",'กรอกข้อมูล นร1'!C22) | E24: =IF(A24="","",$E$6) | R24: =IF(COUNTIF($F24:$BD24," /"),COUNTIF($F24:$BD24," /"),"") | S24: =IF(COUNTIF($F24:$BD24,"ป"),COUNTIF($G24:$BD24,"ป"),"") | T24: =IF(COUNTIF($F24:$BD24,"ล"),COUNTIF($G24:$BD24,"ล"),"") | U24: =IF(COUNTIF($F24:$BD24,"ข"),COUNTIF($G24:$BD24,"ข"),"") | V24: =IF(COUNTIF($F24:$U24," /"),COUNTIF($F24:$U24," /"),"") | W24: =IF(COUNTIF($F24:$U24,"ป"),COUNTIF($F24:$U24,"ป"),"") | X24: =IF(COUNTIF($F24:$U24,"ล"),COUNTIF($F24:$U24,"ล"),"") | Y24: =IF(COUNTIF($F24:$U24,"ข"),COUNTIF($F24:$U24,"ข"),"") | BE24: =IF(COUNTIF($Z24:$BD24," /"),COUNTIF($Z24:$BD24," /"),"") | BF24: =IF(COUNTIF($Z24:$BD24,"ป"),COUNTIF($Z24:$BD24,"ป"),"") | BG24: =IF(COUNTIF($Z24:$BD24,"ล"),COUNTIF($Z24:$BD24,"ล"),"") | BH24: =IF(COUNTIF($Z24:$BD24,"ข"),COUNTIF($Z24:$BD24,"ข"),"") | CN24: =IF(COUNTIF($BI24:$CM24," /"),COUNTIF($BI24:$CM24," /"),"") | CO24: =IF(COUNTIF($BI24:$CM24,"ป"),COUNTIF($BI24:$CM24,"ป"),"") | CP24: =IF(COUNTIF($BI24:$CM24,"ล"),COUNTIF($BI24:$CM24,"ล"),"") | CQ24: =IF(COUNTIF($BI24:$CM24,"ข"),COUNTIF($BI24:$CM24,"ข"),"") | DW24: =IF(COUNTIF($CR24:$DV24," /"),COUNTIF($CR24:$DV24," /"),"") | DX24: =IF(COUNTIF($CR24:$DV24,"ป"),COUNTIF($CR24:$DV24,"ป"),"") | DY24: =IF(COUNTIF($CR24:$DV24,"ล"),COUNTIF($CR24:$DV24,"ล"),"") | DZ24: =IF(COUNTIF($CR24:$DV24,"ข"),COUNTIF($CR24:$DV24,"ข"),"") | FF24: =IF(COUNTIF($EA24:$FE24," /"),COUNTIF($EA24:$FE24," /"),"") | FG24: =IF(COUNTIF($EA24:$FE24,"ป"),COUNTIF($EA24:$FE24,"ป"),"") | FH24: =IF(COUNTIF($EA24:$FE24,"ล"),COUNTIF($EA24:$FE24,"ล"),"") | FI24: =IF(COUNTIF($EA24:$FE24,"ข"),COUNTIF($EA24:$FE24,"ข"),"") | GO24: =IF(COUNTIF($FJ24:$GN24," /"),COUNTIF($FJ24:$GN24," /"),"") | GP24: =IF(COUNTIF($FJ24:$GN24,"ป"),COUNTIF($FJ24:$GN24,"ป"),"") | GQ24: =IF(COUNTIF($FJ24:$GN24,"ล"),COUNTIF($FJ24:$GN24,"ล"),"") | GR24: =IF(COUNTIF($FJ24:$GN24,"ข"),COUNTIF($FJ24:$GN24,"ข"),"") | GS24: =IF(A24="","",SUM(V24,BE24,CN24,DW24,FF24,GO24)) | GT24: =IF(A24="","",SUM(W24,BF24,CO24,DX24,FG24,GP24)) | GU24: =IF(A24="","",SUM(X24,BG24,CP24,DY24,FH24,GQ24)) | GV24: =IF(A24="","",SUM(Y24,ZX24,BH24,CQ24,DZ24,FI24,GR24)) | GW24: =IF(A24="","",SUM(GS24,GT24,GU24,GV24))
A25: =IF('กรอกข้อมูล นร1'!A23,'กรอกข้อมูล นร1'!A23,"") | B25: ='กรอกข้อมูล นร1'!B23&"" | C25: ='กรอกข้อมูล นร1'!D23&"" | D25: =IF('กรอกข้อมูล นร1'!C23="","",'กรอกข้อมูล นร1'!C23) | E25: =IF(A25="","",$E$6) | R25: =IF(COUNTIF($F25:$BD25," /"),COUNTIF($F25:$BD25," /"),"") | S25: =IF(COUNTIF($F25:$BD25,"ป"),COUNTIF($G25:$BD25,"ป"),"") | T25: =IF(COUNTIF($F25:$BD25,"ล"),COUNTIF($G25:$BD25,"ล"),"") | U25: =IF(COUNTIF($F25:$BD25,"ข"),COUNTIF($G25:$BD25,"ข"),"") | V25: =IF(COUNTIF($F25:$U25," /"),COUNTIF($F25:$U25," /"),"") | W25: =IF(COUNTIF($F25:$U25,"ป"),COUNTIF($F25:$U25,"ป"),"") | X25: =IF(COUNTIF($F25:$U25,"ล"),COUNTIF($F25:$U25,"ล"),"") | Y25: =IF(COUNTIF($F25:$U25,"ข"),COUNTIF($F25:$U25,"ข"),"") | BE25: =IF(COUNTIF($Z25:$BD25," /"),COUNTIF($Z25:$BD25," /"),"") | BF25: =IF(COUNTIF($Z25:$BD25,"ป"),COUNTIF($Z25:$BD25,"ป"),"") | BG25: =IF(COUNTIF($Z25:$BD25,"ล"),COUNTIF($Z25:$BD25,"ล"),"") | BH25: =IF(COUNTIF($Z25:$BD25,"ข"),COUNTIF($Z25:$BD25,"ข"),"") | CN25: =IF(COUNTIF($BI25:$CM25," /"),COUNTIF($BI25:$CM25," /"),"") | CO25: =IF(COUNTIF($BI25:$CM25,"ป"),COUNTIF($BI25:$CM25,"ป"),"") | CP25: =IF(COUNTIF($BI25:$CM25,"ล"),COUNTIF($BI25:$CM25,"ล"),"") | CQ25: =IF(COUNTIF($BI25:$CM25,"ข"),COUNTIF($BI25:$CM25,"ข"),"") | DW25: =IF(COUNTIF($CR25:$DV25," /"),COUNTIF($CR25:$DV25," /"),"") | DX25: =IF(COUNTIF($CR25:$DV25,"ป"),COUNTIF($CR25:$DV25,"ป"),"") | DY25: =IF(COUNTIF($CR25:$DV25,"ล"),COUNTIF($CR25:$DV25,"ล"),"") | DZ25: =IF(COUNTIF($CR25:$DV25,"ข"),COUNTIF($CR25:$DV25,"ข"),"") | FF25: =IF(COUNTIF($EA25:$FE25," /"),COUNTIF($EA25:$FE25," /"),"") | FG25: =IF(COUNTIF($EA25:$FE25,"ป"),COUNTIF($EA25:$FE25,"ป"),"") | FH25: =IF(COUNTIF($EA25:$FE25,"ล"),COUNTIF($EA25:$FE25,"ล"),"") | FI25: =IF(COUNTIF($EA25:$FE25,"ข"),COUNTIF($EA25:$FE25,"ข"),"") | GO25: =IF(COUNTIF($FJ25:$GN25," /"),COUNTIF($FJ25:$GN25," /"),"") | GP25: =IF(COUNTIF($FJ25:$GN25,"ป"),COUNTIF($FJ25:$GN25,"ป"),"") | GQ25: =IF(COUNTIF($FJ25:$GN25,"ล"),COUNTIF($FJ25:$GN25,"ล"),"") | GR25: =IF(COUNTIF($FJ25:$GN25,"ข"),COUNTIF($FJ25:$GN25,"ข"),"") | GS25: =IF(A25="","",SUM(V25,BE25,CN25,DW25,FF25,GO25)) | GT25: =IF(A25="","",SUM(W25,BF25,CO25,DX25,FG25,GP25)) | GU25: =IF(A25="","",SUM(X25,BG25,CP25,DY25,FH25,GQ25)) | GV25: =IF(A25="","",SUM(Y25,ZX25,BH25,CQ25,DZ25,FI25,GR25)) | GW25: =IF(A25="","",SUM(GS25,GT25,GU25,GV25))
A26: =IF('กรอกข้อมูล นร1'!A24,'กรอกข้อมูล นร1'!A24,"") | B26: ='กรอกข้อมูล นร1'!B24&"" | C26: ='กรอกข้อมูล นร1'!D24&"" | D26: =IF('กรอกข้อมูล นร1'!C24="","",'กรอกข้อมูล นร1'!C24) | E26: =IF(A26="","",$E$6) | R26: =IF(COUNTIF($F26:$BD26," /"),COUNTIF($F26:$BD26," /"),"") | S26: =IF(COUNTIF($F26:$BD26,"ป"),COUNTIF($G26:$BD26,"ป"),"") | T26: =IF(COUNTIF($F26:$BD26,"ล"),COUNTIF($G26:$BD26,"ล"),"") | U26: =IF(COUNTIF($F26:$BD26,"ข"),COUNTIF($G26:$BD26,"ข"),"") | V26: =IF(COUNTIF($F26:$U26," /"),COUNTIF($F26:$U26," /"),"") | W26: =IF(COUNTIF($F26:$U26,"ป"),COUNTIF($F26:$U26,"ป"),"") | X26: =IF(COUNTIF($F26:$U26,"ล"),COUNTIF($F26:$U26,"ล"),"") | Y26: =IF(COUNTIF($F26:$U26,"ข"),COUNTIF($F26:$U26,"ข"),"") | BE26: =IF(COUNTIF($Z26:$BD26," /"),COUNTIF($Z26:$BD26," /"),"") | BF26: =IF(COUNTIF($Z26:$BD26,"ป"),COUNTIF($Z26:$BD26,"ป"),"") | BG26: =IF(COUNTIF($Z26:$BD26,"ล"),COUNTIF($Z26:$BD26,"ล"),"") | BH26: =IF(COUNTIF($Z26:$BD26,"ข"),COUNTIF($Z26:$BD26,"ข"),"") | CN26: =IF(COUNTIF($BI26:$CM26," /"),COUNTIF($BI26:$CM26," /"),"") | CO26: =IF(COUNTIF($BI26:$CM26,"ป"),COUNTIF($BI26:$CM26,"ป"),"") | CP26: =IF(COUNTIF($BI26:$CM26,"ล"),COUNTIF($BI26:$CM26,"ล"),"") | CQ26: =IF(COUNTIF($BI26:$CM26,"ข"),COUNTIF($BI26:$CM26,"ข"),"") | DW26: =IF(COUNTIF($CR26:$DV26," /"),COUNTIF($CR26:$DV26," /"),"") | DX26: =IF(COUNTIF($CR26:$DV26,"ป"),COUNTIF($CR26:$DV26,"ป"),"") | DY26: =IF(COUNTIF($CR26:$DV26,"ล"),COUNTIF($CR26:$DV26,"ล"),"") | DZ26: =IF(COUNTIF($CR26:$DV26,"ข"),COUNTIF($CR26:$DV26,"ข"),"") | FF26: =IF(COUNTIF($EA26:$FE26," /"),COUNTIF($EA26:$FE26," /"),"") | FG26: =IF(COUNTIF($EA26:$FE26,"ป"),COUNTIF($EA26:$FE26,"ป"),"") | FH26: =IF(COUNTIF($EA26:$FE26,"ล"),COUNTIF($EA26:$FE26,"ล"),"") | FI26: =IF(COUNTIF($EA26:$FE26,"ข"),COUNTIF($EA26:$FE26,"ข"),"") | GO26: =IF(COUNTIF($FJ26:$GN26," /"),COUNTIF($FJ26:$GN26," /"),"") | GP26: =IF(COUNTIF($FJ26:$GN26,"ป"),COUNTIF($FJ26:$GN26,"ป"),"") | GQ26: =IF(COUNTIF($FJ26:$GN26,"ล"),COUNTIF($FJ26:$GN26,"ล"),"") | GR26: =IF(COUNTIF($FJ26:$GN26,"ข"),COUNTIF($FJ26:$GN26,"ข"),"") | GS26: =IF(A26="","",SUM(V26,BE26,CN26,DW26,FF26,GO26)) | GT26: =IF(A26="","",SUM(W26,BF26,CO26,DX26,FG26,GP26)) | GU26: =IF(A26="","",SUM(X26,BG26,CP26,DY26,FH26,GQ26)) | GV26: =IF(A26="","",SUM(Y26,ZX26,BH26,CQ26,DZ26,FI26,GR26)) | GW26: =IF(A26="","",SUM(GS26,GT26,GU26,GV26))
A27: =IF('กรอกข้อมูล นร1'!A25,'กรอกข้อมูล นร1'!A25,"") | B27: ='กรอกข้อมูล นร1'!B25&"" | C27: ='กรอกข้อมูล นร1'!D25&"" | D27: =IF('กรอกข้อมูล นร1'!C25="","",'กรอกข้อมูล นร1'!C25) | E27: =IF(A27="","",$E$6) | R27: =IF(COUNTIF($F27:$BD27," /"),COUNTIF($F27:$BD27," /"),"") | S27: =IF(COUNTIF($F27:$BD27,"ป"),COUNTIF($G27:$BD27,"ป"),"") | T27: =IF(COUNTIF($F27:$BD27,"ล"),COUNTIF($G27:$BD27,"ล"),"") | U27: =IF(COUNTIF($F27:$BD27,"ข"),COUNTIF($G27:$BD27,"ข"),"") | V27: =IF(COUNTIF($F27:$U27," /"),COUNTIF($F27:$U27," /"),"") | W27: =IF(COUNTIF($F27:$U27,"ป"),COUNTIF($F27:$U27,"ป"),"") | X27: =IF(COUNTIF($F27:$U27,"ล"),COUNTIF($F27:$U27,"ล"),"") | Y27: =IF(COUNTIF($F27:$U27,"ข"),COUNTIF($F27:$U27,"ข"),"") | BE27: =IF(COUNTIF($Z27:$BD27," /"),COUNTIF($Z27:$BD27," /"),"") | BF27: =IF(COUNTIF($Z27:$BD27,"ป"),COUNTIF($Z27:$BD27,"ป"),"") | BG27: =IF(COUNTIF($Z27:$BD27,"ล"),COUNTIF($Z27:$BD27,"ล"),"") | BH27: =IF(COUNTIF($Z27:$BD27,"ข"),COUNTIF($Z27:$BD27,"ข"),"") | CN27: =IF(COUNTIF($BI27:$CM27," /"),COUNTIF($BI27:$CM27," /"),"") | CO27: =IF(COUNTIF($BI27:$CM27,"ป"),COUNTIF($BI27:$CM27,"ป"),"") | CP27: =IF(COUNTIF($BI27:$CM27,"ล"),COUNTIF($BI27:$CM27,"ล"),"") | CQ27: =IF(COUNTIF($BI27:$CM27,"ข"),COUNTIF($BI27:$CM27,"ข"),"") | DW27: =IF(COUNTIF($CR27:$DV27," /"),COUNTIF($CR27:$DV27," /"),"") | DX27: =IF(COUNTIF($CR27:$DV27,"ป"),COUNTIF($CR27:$DV27,"ป"),"") | DY27: =IF(COUNTIF($CR27:$DV27,"ล"),COUNTIF($CR27:$DV27,"ล"),"") | DZ27: =IF(COUNTIF($CR27:$DV27,"ข"),COUNTIF($CR27:$DV27,"ข"),"") | FF27: =IF(COUNTIF($EA27:$FE27," /"),COUNTIF($EA27:$FE27," /"),"") | FG27: =IF(COUNTIF($EA27:$FE27,"ป"),COUNTIF($EA27:$FE27,"ป"),"") | FH27: =IF(COUNTIF($EA27:$FE27,"ล"),COUNTIF($EA27:$FE27,"ล"),"") | FI27: =IF(COUNTIF($EA27:$FE27,"ข"),COUNTIF($EA27:$FE27,"ข"),"") | GO27: =IF(COUNTIF($FJ27:$GN27," /"),COUNTIF($FJ27:$GN27," /"),"") | GP27: =IF(COUNTIF($FJ27:$GN27,"ป"),COUNTIF($FJ27:$GN27,"ป"),"") | GQ27: =IF(COUNTIF($FJ27:$GN27,"ล"),COUNTIF($FJ27:$GN27,"ล"),"") | GR27: =IF(COUNTIF($FJ27:$GN27,"ข"),COUNTIF($FJ27:$GN27,"ข"),"") | GS27: =IF(A27="","",SUM(V27,BE27,CN27,DW27,FF27,GO27)) | GT27: =IF(A27="","",SUM(W27,BF27,CO27,DX27,FG27,GP27)) | GU27: =IF(A27="","",SUM(X27,BG27,CP27,DY27,FH27,GQ27)) | GV27: =IF(A27="","",SUM(Y27,ZX27,BH27,CQ27,DZ27,FI27,GR27)) | GW27: =IF(A27="","",SUM(GS27,GT27,GU27,GV27))
A28: =IF('กรอกข้อมูล นร1'!A26,'กรอกข้อมูล นร1'!A26,"") | B28: ='กรอกข้อมูล นร1'!B26&"" | C28: ='กรอกข้อมูล นร1'!D26&"" | D28: =IF('กรอกข้อมูล นร1'!C26="","",'กรอกข้อมูล นร1'!C26) | E28: =IF(A28="","",$E$6) | R28: =IF(COUNTIF($F28:$BD28," /"),COUNTIF($F28:$BD28," /"),"") | S28: =IF(COUNTIF($F28:$BD28,"ป"),COUNTIF($G28:$BD28,"ป"),"") | T28: =IF(COUNTIF($F28:$BD28,"ล"),COUNTIF($G28:$BD28,"ล"),"") | U28: =IF(COUNTIF($F28:$BD28,"ข"),COUNTIF($G28:$BD28,"ข"),"") | V28: =IF(COUNTIF($F28:$U28," /"),COUNTIF($F28:$U28," /"),"") | W28: =IF(COUNTIF($F28:$U28,"ป"),COUNTIF($F28:$U28,"ป"),"") | X28: =IF(COUNTIF($F28:$U28,"ล"),COUNTIF($F28:$U28,"ล"),"") | Y28: =IF(COUNTIF($F28:$U28,"ข"),COUNTIF($F28:$U28,"ข"),"") | BE28: =IF(COUNTIF($Z28:$BD28," /"),COUNTIF($Z28:$BD28," /"),"") | BF28: =IF(COUNTIF($Z28:$BD28,"ป"),COUNTIF($Z28:$BD28,"ป"),"") | BG28: =IF(COUNTIF($Z28:$BD28,"ล"),COUNTIF($Z28:$BD28,"ล"),"") | BH28: =IF(COUNTIF($Z28:$BD28,"ข"),COUNTIF($Z28:$BD28,"ข"),"") | CN28: =IF(COUNTIF($BI28:$CM28," /"),COUNTIF($BI28:$CM28," /"),"") | CO28: =IF(COUNTIF($BI28:$CM28,"ป"),COUNTIF($BI28:$CM28,"ป"),"") | CP28: =IF(COUNTIF($BI28:$CM28,"ล"),COUNTIF($BI28:$CM28,"ล"),"") | CQ28: =IF(COUNTIF($BI28:$CM28,"ข"),COUNTIF($BI28:$CM28,"ข"),"") | DW28: =IF(COUNTIF($CR28:$DV28," /"),COUNTIF($CR28:$DV28," /"),"") | DX28: =IF(COUNTIF($CR28:$DV28,"ป"),COUNTIF($CR28:$DV28,"ป"),"") | DY28: =IF(COUNTIF($CR28:$DV28,"ล"),COUNTIF($CR28:$DV28,"ล"),"") | DZ28: =IF(COUNTIF($CR28:$DV28,"ข"),COUNTIF($CR28:$DV28,"ข"),"") | FF28: =IF(COUNTIF($EA28:$FE28," /"),COUNTIF($EA28:$FE28," /"),"") | FG28: =IF(COUNTIF($EA28:$FE28,"ป"),COUNTIF($EA28:$FE28,"ป"),"") | FH28: =IF(COUNTIF($EA28:$FE28,"ล"),COUNTIF($EA28:$FE28,"ล"),"") | FI28: =IF(COUNTIF($EA28:$FE28,"ข"),COUNTIF($EA28:$FE28,"ข"),"") | GO28: =IF(COUNTIF($FJ28:$GN28," /"),COUNTIF($FJ28:$GN28," /"),"") | GP28: =IF(COUNTIF($FJ28:$GN28,"ป"),COUNTIF($FJ28:$GN28,"ป"),"") | GQ28: =IF(COUNTIF($FJ28:$GN28,"ล"),COUNTIF($FJ28:$GN28,"ล"),"") | GR28: =IF(COUNTIF($FJ28:$GN28,"ข"),COUNTIF($FJ28:$GN28,"ข"),"") | GS28: =IF(A28="","",SUM(V28,BE28,CN28,DW28,FF28,GO28)) | GT28: =IF(A28="","",SUM(W28,BF28,CO28,DX28,FG28,GP28)) | GU28: =IF(A28="","",SUM(X28,BG28,CP28,DY28,FH28,GQ28)) | GV28: =IF(A28="","",SUM(Y28,ZX28,BH28,CQ28,DZ28,FI28,GR28)) | GW28: =IF(A28="","",SUM(GS28,GT28,GU28,GV28))
A29: =IF('กรอกข้อมูล นร1'!A27,'กรอกข้อมูล นร1'!A27,"") | B29: ='กรอกข้อมูล นร1'!B27&"" | C29: ='กรอกข้อมูล นร1'!D27&"" | D29: =IF('กรอกข้อมูล นร1'!C27="","",'กรอกข้อมูล นร1'!C27) | E29: =IF(A29="","",$E$6) | V29: =IF(COUNTIF($F29:$U29," /"),COUNTIF($F29:$U29," /"),"") | W29: =IF(COUNTIF($F29:$U29,"ป"),COUNTIF($F29:$U29,"ป"),"") | X29: =IF(COUNTIF($F29:$U29,"ล"),COUNTIF($F29:$U29,"ล"),"") | Y29: =IF(COUNTIF($F29:$U29,"ข"),COUNTIF($F29:$U29,"ข"),"") | BE29: =IF(COUNTIF($Z29:$BD29," /"),COUNTIF($Z29:$BD29," /"),"") | BF29: =IF(COUNTIF($Z29:$BD29,"ป"),COUNTIF($Z29:$BD29,"ป"),"") | BG29: =IF(COUNTIF($Z29:$BD29,"ล"),COUNTIF($Z29:$BD29,"ล"),"") | BH29: =IF(COUNTIF($Z29:$BD29,"ข"),COUNTIF($Z29:$BD29,"ข"),"") | CN29: =IF(COUNTIF($BI29:$CM29," /"),COUNTIF($BI29:$CM29," /"),"") | CO29: =IF(COUNTIF($BI29:$CM29,"ป"),COUNTIF($BI29:$CM29,"ป"),"") | CP29: =IF(COUNTIF($BI29:$CM29,"ล"),COUNTIF($BI29:$CM29,"ล"),"") | CQ29: =IF(COUNTIF($BI29:$CM29,"ข"),COUNTIF($BI29:$CM29,"ข"),"") | DW29: =IF(COUNTIF($CR29:$DV29," /"),COUNTIF($CR29:$DV29," /"),"") | DX29: =IF(COUNTIF($CR29:$DV29,"ป"),COUNTIF($CR29:$DV29,"ป"),"") | DY29: =IF(COUNTIF($CR29:$DV29,"ล"),COUNTIF($CR29:$DV29,"ล"),"") | DZ29: =IF(COUNTIF($CR29:$DV29,"ข"),COUNTIF($CR29:$DV29,"ข"),"") | FF29: =IF(COUNTIF($EA29:$FE29," /"),COUNTIF($EA29:$FE29," /"),"") | FG29: =IF(COUNTIF($EA29:$FE29,"ป"),COUNTIF($EA29:$FE29,"ป"),"") | FH29: =IF(COUNTIF($EA29:$FE29,"ล"),COUNTIF($EA29:$FE29,"ล"),"") | FI29: =IF(COUNTIF($EA29:$FE29,"ข"),COUNTIF($EA29:$FE29,"ข"),"") | GO29: =IF(COUNTIF($FJ29:$GN29," /"),COUNTIF($FJ29:$GN29," /"),"") | GP29: =IF(COUNTIF($FJ29:$GN29,"ป"),COUNTIF($FJ29:$GN29,"ป"),"") | GQ29: =IF(COUNTIF($FJ29:$GN29,"ล"),COUNTIF($FJ29:$GN29,"ล"),"") | GR29: =IF(COUNTIF($FJ29:$GN29,"ข"),COUNTIF($FJ29:$GN29,"ข"),"") | GS29: =IF(A29="","",SUM(V29,BE29,CN29,DW29,FF29,GO29)) | GT29: =IF(A29="","",SUM(W29,BF29,CO29,DX29,FG29,GP29)) | GU29: =IF(A29="","",SUM(X29,BG29,CP29,DY29,FH29,GQ29)) | GV29: =IF(A29="","",SUM(Y29,ZX29,BH29,CQ29,DZ29,FI29,GR29)) | GW29: =IF(A29="","",SUM(GS29,GT29,GU29,GV29))
A30: =IF('กรอกข้อมูล นร1'!A28,'กรอกข้อมูล นร1'!A28,"") | B30: ='กรอกข้อมูล นร1'!B28&"" | C30: ='กรอกข้อมูล นร1'!D28&"" | D30: =IF('กรอกข้อมูล นร1'!C28="","",'กรอกข้อมูล นร1'!C28) | E30: =IF(A30="","",$E$6) | V30: =IF(COUNTIF($F30:$U30," /"),COUNTIF($F30:$U30," /"),"") | W30: =IF(COUNTIF($F30:$U30,"ป"),COUNTIF($F30:$U30,"ป"),"") | X30: =IF(COUNTIF($F30:$U30,"ล"),COUNTIF($F30:$U30,"ล"),"") | Y30: =IF(COUNTIF($F30:$U30,"ข"),COUNTIF($F30:$U30,"ข"),"") | BE30: =IF(COUNTIF($Z30:$BD30," /"),COUNTIF($Z30:$BD30," /"),"") | BF30: =IF(COUNTIF($Z30:$BD30,"ป"),COUNTIF($Z30:$BD30,"ป"),"") | BG30: =IF(COUNTIF($Z30:$BD30,"ล"),COUNTIF($Z30:$BD30,"ล"),"") | BH30: =IF(COUNTIF($Z30:$BD30,"ข"),COUNTIF($Z30:$BD30,"ข"),"") | CN30: =IF(COUNTIF($BI30:$CM30," /"),COUNTIF($BI30:$CM30," /"),"") | CO30: =IF(COUNTIF($BI30:$CM30,"ป"),COUNTIF($BI30:$CM30,"ป"),"") | CP30: =IF(COUNTIF($BI30:$CM30,"ล"),COUNTIF($BI30:$CM30,"ล"),"") | CQ30: =IF(COUNTIF($BI30:$CM30,"ข"),COUNTIF($BI30:$CM30,"ข"),"") | DW30: =IF(COUNTIF($CR30:$DV30," /"),COUNTIF($CR30:$DV30," /"),"") | DX30: =IF(COUNTIF($CR30:$DV30,"ป"),COUNTIF($CR30:$DV30,"ป"),"") | DY30: =IF(COUNTIF($CR30:$DV30,"ล"),COUNTIF($CR30:$DV30,"ล"),"") | DZ30: =IF(COUNTIF($CR30:$DV30,"ข"),COUNTIF($CR30:$DV30,"ข"),"") | FF30: =IF(COUNTIF($EA30:$FE30," /"),COUNTIF($EA30:$FE30," /"),"") | FG30: =IF(COUNTIF($EA30:$FE30,"ป"),COUNTIF($EA30:$FE30,"ป"),"") | FH30: =IF(COUNTIF($EA30:$FE30,"ล"),COUNTIF($EA30:$FE30,"ล"),"") | FI30: =IF(COUNTIF($EA30:$FE30,"ข"),COUNTIF($EA30:$FE30,"ข"),"") | GO30: =IF(COUNTIF($FJ30:$GN30," /"),COUNTIF($FJ30:$GN30," /"),"") | GP30: =IF(COUNTIF($FJ30:$GN30,"ป"),COUNTIF($FJ30:$GN30,"ป"),"") | GQ30: =IF(COUNTIF($FJ30:$GN30,"ล"),COUNTIF($FJ30:$GN30,"ล"),"") | GR30: =IF(COUNTIF($FJ30:$GN30,"ข"),COUNTIF($FJ30:$GN30,"ข"),"") | GS30: =IF(A30="","",SUM(V30,BE30,CN30,DW30,FF30,GO30)) | GT30: =IF(A30="","",SUM(W30,BF30,CO30,DX30,FG30,GP30)) | GU30: =IF(A30="","",SUM(X30,BG30,CP30,DY30,FH30,GQ30)) | GV30: =IF(A30="","",SUM(Y30,ZX30,BH30,CQ30,DZ30,FI30,GR30)) | GW30: =IF(A30="","",SUM(GS30,GT30,GU30,GV30))
A31: =IF('กรอกข้อมูล นร1'!A29,'กรอกข้อมูล นร1'!A29,"") | B31: ='กรอกข้อมูล นร1'!B29&"" | C31: ='กรอกข้อมูล นร1'!D29&"" | D31: =IF('กรอกข้อมูล นร1'!C29="","",'กรอกข้อมูล นร1'!C29) | E31: =IF(A31="","",$E$6) | V31: =IF(COUNTIF($F31:$U31," /"),COUNTIF($F31:$U31," /"),"") | W31: =IF(COUNTIF($F31:$U31,"ป"),COUNTIF($F31:$U31,"ป"),"") | X31: =IF(COUNTIF($F31:$U31,"ล"),COUNTIF($F31:$U31,"ล"),"") | Y31: =IF(COUNTIF($F31:$U31,"ข"),COUNTIF($F31:$U31,"ข"),"") | BE31: =IF(COUNTIF($Z31:$BD31," /"),COUNTIF($Z31:$BD31," /"),"") | BF31: =IF(COUNTIF($Z31:$BD31,"ป"),COUNTIF($Z31:$BD31,"ป"),"") | BG31: =IF(COUNTIF($Z31:$BD31,"ล"),COUNTIF($Z31:$BD31,"ล"),"") | BH31: =IF(COUNTIF($Z31:$BD31,"ข"),COUNTIF($Z31:$BD31,"ข"),"") | CN31: =IF(COUNTIF($BI31:$CM31," /"),COUNTIF($BI31:$CM31," /"),"") | CO31: =IF(COUNTIF($BI31:$CM31,"ป"),COUNTIF($BI31:$CM31,"ป"),"") | CP31: =IF(COUNTIF($BI31:$CM31,"ล"),COUNTIF($BI31:$CM31,"ล"),"") | CQ31: =IF(COUNTIF($BI31:$CM31,"ข"),COUNTIF($BI31:$CM31,"ข"),"") | DW31: =IF(COUNTIF($CR31:$DV31," /"),COUNTIF($CR31:$DV31," /"),"") | DX31: =IF(COUNTIF($CR31:$DV31,"ป"),COUNTIF($CR31:$DV31,"ป"),"") | DY31: =IF(COUNTIF($CR31:$DV31,"ล"),COUNTIF($CR31:$DV31,"ล"),"") | DZ31: =IF(COUNTIF($CR31:$DV31,"ข"),COUNTIF($CR31:$DV31,"ข"),"") | FF31: =IF(COUNTIF($EA31:$FE31," /"),COUNTIF($EA31:$FE31," /"),"") | FG31: =IF(COUNTIF($EA31:$FE31,"ป"),COUNTIF($EA31:$FE31,"ป"),"") | FH31: =IF(COUNTIF($EA31:$FE31,"ล"),COUNTIF($EA31:$FE31,"ล"),"") | FI31: =IF(COUNTIF($EA31:$FE31,"ข"),COUNTIF($EA31:$FE31,"ข"),"") | GO31: =IF(COUNTIF($FJ31:$GN31," /"),COUNTIF($FJ31:$GN31," /"),"") | GP31: =IF(COUNTIF($FJ31:$GN31,"ป"),COUNTIF($FJ31:$GN31,"ป"),"") | GQ31: =IF(COUNTIF($FJ31:$GN31,"ล"),COUNTIF($FJ31:$GN31,"ล"),"") | GR31: =IF(COUNTIF($FJ31:$GN31,"ข"),COUNTIF($FJ31:$GN31,"ข"),"") | GS31: =IF(A31="","",SUM(V31,BE31,CN31,DW31,FF31,GO31)) | GT31: =IF(A31="","",SUM(W31,BF31,CO31,DX31,FG31,GP31)) | GU31: =IF(A31="","",SUM(X31,BG31,CP31,DY31,FH31,GQ31)) | GV31: =IF(A31="","",SUM(Y31,ZX31,BH31,CQ31,DZ31,FI31,GR31)) | GW31: =IF(A31="","",SUM(GS31,GT31,GU31,GV31))
A32: =IF('กรอกข้อมูล นร1'!A30,'กรอกข้อมูล นร1'!A30,"") | B32: ='กรอกข้อมูล นร1'!B30&"" | C32: ='กรอกข้อมูล นร1'!D30&"" | D32: =IF('กรอกข้อมูล นร1'!C30="","",'กรอกข้อมูล นร1'!C30) | E32: =IF(A32="","",$E$6) | V32: =IF(COUNTIF($F32:$U32," /"),COUNTIF($F32:$U32," /"),"") | W32: =IF(COUNTIF($F32:$U32,"ป"),COUNTIF($F32:$U32,"ป"),"") | X32: =IF(COUNTIF($F32:$U32,"ล"),COUNTIF($F32:$U32,"ล"),"") | Y32: =IF(COUNTIF($F32:$U32,"ข"),COUNTIF($F32:$U32,"ข"),"") | BE32: =IF(COUNTIF($Z32:$BD32," /"),COUNTIF($Z32:$BD32," /"),"") | BF32: =IF(COUNTIF($Z32:$BD32,"ป"),COUNTIF($Z32:$BD32,"ป"),"") | BG32: =IF(COUNTIF($Z32:$BD32,"ล"),COUNTIF($Z32:$BD32,"ล"),"") | BH32: =IF(COUNTIF($Z32:$BD32,"ข"),COUNTIF($Z32:$BD32,"ข"),"") | CN32: =IF(COUNTIF($BI32:$CM32," /"),COUNTIF($BI32:$CM32," /"),"") | CO32: =IF(COUNTIF($BI32:$CM32,"ป"),COUNTIF($BI32:$CM32,"ป"),"") | CP32: =IF(COUNTIF($BI32:$CM32,"ล"),COUNTIF($BI32:$CM32,"ล"),"") | CQ32: =IF(COUNTIF($BI32:$CM32,"ข"),COUNTIF($BI32:$CM32,"ข"),"") | DW32: =IF(COUNTIF($CR32:$DV32," /"),COUNTIF($CR32:$DV32," /"),"") | DX32: =IF(COUNTIF($CR32:$DV32,"ป"),COUNTIF($CR32:$DV32,"ป"),"") | DY32: =IF(COUNTIF($CR32:$DV32,"ล"),COUNTIF($CR32:$DV32,"ล"),"") | DZ32: =IF(COUNTIF($CR32:$DV32,"ข"),COUNTIF($CR32:$DV32,"ข"),"") | FF32: =IF(COUNTIF($EA32:$FE32," /"),COUNTIF($EA32:$FE32," /"),"") | FG32: =IF(COUNTIF($EA32:$FE32,"ป"),COUNTIF($EA32:$FE32,"ป"),"") | FH32: =IF(COUNTIF($EA32:$FE32,"ล"),COUNTIF($EA32:$FE32,"ล"),"") | FI32: =IF(COUNTIF($EA32:$FE32,"ข"),COUNTIF($EA32:$FE32,"ข"),"") | GO32: =IF(COUNTIF($FJ32:$GN32," /"),COUNTIF($FJ32:$GN32," /"),"") | GP32: =IF(COUNTIF($FJ32:$GN32,"ป"),COUNTIF($FJ32:$GN32,"ป"),"") | GQ32: =IF(COUNTIF($FJ32:$GN32,"ล"),COUNTIF($FJ32:$GN32,"ล"),"") | GR32: =IF(COUNTIF($FJ32:$GN32,"ข"),COUNTIF($FJ32:$GN32,"ข"),"") | GS32: =IF(A32="","",SUM(V32,BE32,CN32,DW32,FF32,GO32)) | GT32: =IF(A32="","",SUM(W32,BF32,CO32,DX32,FG32,GP32)) | GU32: =IF(A32="","",SUM(X32,BG32,CP32,DY32,FH32,GQ32)) | GV32: =IF(A32="","",SUM(Y32,ZX32,BH32,CQ32,DZ32,FI32,GR32)) | GW32: =IF(A32="","",SUM(GS32,GT32,GU32,GV32))
A33: =IF('กรอกข้อมูล นร1'!A31,'กรอกข้อมูล นร1'!A31,"") | B33: ='กรอกข้อมูล นร1'!B31&"" | C33: ='กรอกข้อมูล นร1'!D31&"" | D33: =IF('กรอกข้อมูล นร1'!C31="","",'กรอกข้อมูล นร1'!C31) | E33: =IF(A33="","",$E$6) | V33: =IF(COUNTIF($F33:$U33," /"),COUNTIF($F33:$U33," /"),"") | W33: =IF(COUNTIF($F33:$U33,"ป"),COUNTIF($F33:$U33,"ป"),"") | X33: =IF(COUNTIF($F33:$U33,"ล"),COUNTIF($F33:$U33,"ล"),"") | Y33: =IF(COUNTIF($F33:$U33,"ข"),COUNTIF($F33:$U33,"ข"),"") | BE33: =IF(COUNTIF($Z33:$BD33," /"),COUNTIF($Z33:$BD33," /"),"") | BF33: =IF(COUNTIF($Z33:$BD33,"ป"),COUNTIF($Z33:$BD33,"ป"),"") | BG33: =IF(COUNTIF($Z33:$BD33,"ล"),COUNTIF($Z33:$BD33,"ล"),"") | BH33: =IF(COUNTIF($Z33:$BD33,"ข"),COUNTIF($Z33:$BD33,"ข"),"") | CN33: =IF(COUNTIF($BI33:$CM33," /"),COUNTIF($BI33:$CM33," /"),"") | CO33: =IF(COUNTIF($BI33:$CM33,"ป"),COUNTIF($BI33:$CM33,"ป"),"") | CP33: =IF(COUNTIF($BI33:$CM33,"ล"),COUNTIF($BI33:$CM33,"ล"),"") | CQ33: =IF(COUNTIF($BI33:$CM33,"ข"),COUNTIF($BI33:$CM33,"ข"),"") | DW33: =IF(COUNTIF($CR33:$DV33," /"),COUNTIF($CR33:$DV33," /"),"") | DX33: =IF(COUNTIF($CR33:$DV33,"ป"),COUNTIF($CR33:$DV33,"ป"),"") | DY33: =IF(COUNTIF($CR33:$DV33,"ล"),COUNTIF($CR33:$DV33,"ล"),"") | DZ33: =IF(COUNTIF($CR33:$DV33,"ข"),COUNTIF($CR33:$DV33,"ข"),"") | FF33: =IF(COUNTIF($EA33:$FE33," /"),COUNTIF($EA33:$FE33," /"),"") | FG33: =IF(COUNTIF($EA33:$FE33,"ป"),COUNTIF($EA33:$FE33,"ป"),"") | FH33: =IF(COUNTIF($EA33:$FE33,"ล"),COUNTIF($EA33:$FE33,"ล"),"") | FI33: =IF(COUNTIF($EA33:$FE33,"ข"),COUNTIF($EA33:$FE33,"ข"),"") | GO33: =IF(COUNTIF($FJ33:$GN33," /"),COUNTIF($FJ33:$GN33," /"),"") | GP33: =IF(COUNTIF($FJ33:$GN33,"ป"),COUNTIF($FJ33:$GN33,"ป"),"") | GQ33: =IF(COUNTIF($FJ33:$GN33,"ล"),COUNTIF($FJ33:$GN33,"ล"),"") | GR33: =IF(COUNTIF($FJ33:$GN33,"ข"),COUNTIF($FJ33:$GN33,"ข"),"") | GS33: =IF(A33="","",SUM(V33,BE33,CN33,DW33,FF33,GO33)) | GT33: =IF(A33="","",SUM(W33,BF33,CO33,DX33,FG33,GP33)) | GU33: =IF(A33="","",SUM(X33,BG33,CP33,DY33,FH33,GQ33)) | GV33: =IF(A33="","",SUM(Y33,ZX33,BH33,CQ33,DZ33,FI33,GR33)) | GW33: =IF(A33="","",SUM(GS33,GT33,GU33,GV33))
A34: =IF('กรอกข้อมูล นร1'!A32,'กรอกข้อมูล นร1'!A32,"") | B34: ='กรอกข้อมูล นร1'!B32&"" | C34: ='กรอกข้อมูล นร1'!D32&"" | D34: =IF('กรอกข้อมูล นร1'!C32="","",'กรอกข้อมูล นร1'!C32) | E34: =IF(A34="","",$E$6) | V34: =IF(COUNTIF($F34:$U34," /"),COUNTIF($F34:$U34," /"),"") | W34: =IF(COUNTIF($F34:$U34,"ป"),COUNTIF($F34:$U34,"ป"),"") | X34: =IF(COUNTIF($F34:$U34,"ล"),COUNTIF($F34:$U34,"ล"),"") | Y34: =IF(COUNTIF($F34:$U34,"ข"),COUNTIF($F34:$U34,"ข"),"") | BE34: =IF(COUNTIF($Z34:$BD34," /"),COUNTIF($Z34:$BD34," /"),"") | BF34: =IF(COUNTIF($Z34:$BD34,"ป"),COUNTIF($Z34:$BD34,"ป"),"") | BG34: =IF(COUNTIF($Z34:$BD34,"ล"),COUNTIF($Z34:$BD34,"ล"),"") | BH34: =IF(COUNTIF($Z34:$BD34,"ข"),COUNTIF($Z34:$BD34,"ข"),"") | CN34: =IF(COUNTIF($BI34:$CM34," /"),COUNTIF($BI34:$CM34," /"),"") | CO34: =IF(COUNTIF($BI34:$CM34,"ป"),COUNTIF($BI34:$CM34,"ป"),"") | CP34: =IF(COUNTIF($BI34:$CM34,"ล"),COUNTIF($BI34:$CM34,"ล"),"") | CQ34: =IF(COUNTIF($BI34:$CM34,"ข"),COUNTIF($BI34:$CM34,"ข"),"") | DW34: =IF(COUNTIF($CR34:$DV34," /"),COUNTIF($CR34:$DV34," /"),"") | DX34: =IF(COUNTIF($CR34:$DV34,"ป"),COUNTIF($CR34:$DV34,"ป"),"") | DY34: =IF(COUNTIF($CR34:$DV34,"ล"),COUNTIF($CR34:$DV34,"ล"),"") | DZ34: =IF(COUNTIF($CR34:$DV34,"ข"),COUNTIF($CR34:$DV34,"ข"),"") | FF34: =IF(COUNTIF($EA34:$FE34," /"),COUNTIF($EA34:$FE34," /"),"") | FG34: =IF(COUNTIF($EA34:$FE34,"ป"),COUNTIF($EA34:$FE34,"ป"),"") | FH34: =IF(COUNTIF($EA34:$FE34,"ล"),COUNTIF($EA34:$FE34,"ล"),"") | FI34: =IF(COUNTIF($EA34:$FE34,"ข"),COUNTIF($EA34:$FE34,"ข"),"") | GO34: =IF(COUNTIF($FJ34:$GN34," /"),COUNTIF($FJ34:$GN34," /"),"") | GP34: =IF(COUNTIF($FJ34:$GN34,"ป"),COUNTIF($FJ34:$GN34,"ป"),"") | GQ34: =IF(COUNTIF($FJ34:$GN34,"ล"),COUNTIF($FJ34:$GN34,"ล"),"") | GR34: =IF(COUNTIF($FJ34:$GN34,"ข"),COUNTIF($FJ34:$GN34,"ข"),"") | GS34: =IF(A34="","",SUM(V34,BE34,CN34,DW34,FF34,GO34)) | GT34: =IF(A34="","",SUM(W34,BF34,CO34,DX34,FG34,GP34)) | GU34: =IF(A34="","",SUM(X34,BG34,CP34,DY34,FH34,GQ34)) | GV34: =IF(A34="","",SUM(Y34,ZX34,BH34,CQ34,DZ34,FI34,GR34)) | GW34: =IF(A34="","",SUM(GS34,GT34,GU34,GV34))
A35: =IF('กรอกข้อมูล นร1'!A33,'กรอกข้อมูล นร1'!A33,"") | B35: ='กรอกข้อมูล นร1'!B33&"" | C35: ='กรอกข้อมูล นร1'!D33&"" | D35: =IF('กรอกข้อมูล นร1'!C33="","",'กรอกข้อมูล นร1'!C33) | E35: =IF(A35="","",$E$6) | V35: =IF(COUNTIF($F35:$U35," /"),COUNTIF($F35:$U35," /"),"") | W35: =IF(COUNTIF($F35:$U35,"ป"),COUNTIF($F35:$U35,"ป"),"") | X35: =IF(COUNTIF($F35:$U35,"ล"),COUNTIF($F35:$U35,"ล"),"") | Y35: =IF(COUNTIF($F35:$U35,"ข"),COUNTIF($F35:$U35,"ข"),"") | BE35: =IF(COUNTIF($Z35:$BD35," /"),COUNTIF($Z35:$BD35," /"),"") | BF35: =IF(COUNTIF($Z35:$BD35,"ป"),COUNTIF($Z35:$BD35,"ป"),"") | BG35: =IF(COUNTIF($Z35:$BD35,"ล"),COUNTIF($Z35:$BD35,"ล"),"") | BH35: =IF(COUNTIF($Z35:$BD35,"ข"),COUNTIF($Z35:$BD35,"ข"),"") | CN35: =IF(COUNTIF($BI35:$CM35," /"),COUNTIF($BI35:$CM35," /"),"") | CO35: =IF(COUNTIF($BI35:$CM35,"ป"),COUNTIF($BI35:$CM35,"ป"),"") | CP35: =IF(COUNTIF($BI35:$CM35,"ล"),COUNTIF($BI35:$CM35,"ล"),"") | CQ35: =IF(COUNTIF($BI35:$CM35,"ข"),COUNTIF($BI35:$CM35,"ข"),"") | DW35: =IF(COUNTIF($CR35:$DV35," /"),COUNTIF($CR35:$DV35," /"),"") | DX35: =IF(COUNTIF($CR35:$DV35,"ป"),COUNTIF($CR35:$DV35,"ป"),"") | DY35: =IF(COUNTIF($CR35:$DV35,"ล"),COUNTIF($CR35:$DV35,"ล"),"") | DZ35: =IF(COUNTIF($CR35:$DV35,"ข"),COUNTIF($CR35:$DV35,"ข"),"") | FF35: =IF(COUNTIF($EA35:$FE35," /"),COUNTIF($EA35:$FE35," /"),"") | FG35: =IF(COUNTIF($EA35:$FE35,"ป"),COUNTIF($EA35:$FE35,"ป"),"") | FH35: =IF(COUNTIF($EA35:$FE35,"ล"),COUNTIF($EA35:$FE35,"ล"),"") | FI35: =IF(COUNTIF($EA35:$FE35,"ข"),COUNTIF($EA35:$FE35,"ข"),"") | GO35: =IF(COUNTIF($FJ35:$GN35," /"),COUNTIF($FJ35:$GN35," /"),"") | GP35: =IF(COUNTIF($FJ35:$GN35,"ป"),COUNTIF($FJ35:$GN35,"ป"),"") | GQ35: =IF(COUNTIF($FJ35:$GN35,"ล"),COUNTIF($FJ35:$GN35,"ล"),"") | GR35: =IF(COUNTIF($FJ35:$GN35,"ข"),COUNTIF($FJ35:$GN35,"ข"),"") | GS35: =IF(A35="","",SUM(V35,BE35,CN35,DW35,FF35,GO35)) | GT35: =IF(A35="","",SUM(W35,BF35,CO35,DX35,FG35,GP35)) | GU35: =IF(A35="","",SUM(X35,BG35,CP35,DY35,FH35,GQ35)) | GV35: =IF(A35="","",SUM(Y35,ZX35,BH35,CQ35,DZ35,FI35,GR35)) | GW35: =IF(A35="","",SUM(GS35,GT35,GU35,GV35))
A36: =IF('กรอกข้อมูล นร1'!A34,'กรอกข้อมูล นร1'!A34,"") | B36: ='กรอกข้อมูล นร1'!B34&"" | C36: ='กรอกข้อมูล นร1'!D34&"" | D36: =IF('กรอกข้อมูล นร1'!C34="","",'กรอกข้อมูล นร1'!C34) | E36: =IF(A36="","",$E$6) | V36: =IF(COUNTIF($F36:$U36," /"),COUNTIF($F36:$U36," /"),"") | W36: =IF(COUNTIF($F36:$U36,"ป"),COUNTIF($F36:$U36,"ป"),"") | X36: =IF(COUNTIF($F36:$U36,"ล"),COUNTIF($F36:$U36,"ล"),"") | Y36: =IF(COUNTIF($F36:$U36,"ข"),COUNTIF($F36:$U36,"ข"),"") | BE36: =IF(COUNTIF($Z36:$BD36," /"),COUNTIF($Z36:$BD36," /"),"") | BF36: =IF(COUNTIF($Z36:$BD36,"ป"),COUNTIF($Z36:$BD36,"ป"),"") | BG36: =IF(COUNTIF($Z36:$BD36,"ล"),COUNTIF($Z36:$BD36,"ล"),"") | BH36: =IF(COUNTIF($Z36:$BD36,"ข"),COUNTIF($Z36:$BD36,"ข"),"") | CN36: =IF(COUNTIF($BI36:$CM36," /"),COUNTIF($BI36:$CM36," /"),"") | CO36: =IF(COUNTIF($BI36:$CM36,"ป"),COUNTIF($BI36:$CM36,"ป"),"") | CP36: =IF(COUNTIF($BI36:$CM36,"ล"),COUNTIF($BI36:$CM36,"ล"),"") | CQ36: =IF(COUNTIF($BI36:$CM36,"ข"),COUNTIF($BI36:$CM36,"ข"),"") | DW36: =IF(COUNTIF($CR36:$DV36," /"),COUNTIF($CR36:$DV36," /"),"") | DX36: =IF(COUNTIF($CR36:$DV36,"ป"),COUNTIF($CR36:$DV36,"ป"),"") | DY36: =IF(COUNTIF($CR36:$DV36,"ล"),COUNTIF($CR36:$DV36,"ล"),"") | DZ36: =IF(COUNTIF($CR36:$DV36,"ข"),COUNTIF($CR36:$DV36,"ข"),"") | FF36: =IF(COUNTIF($EA36:$FE36," /"),COUNTIF($EA36:$FE36," /"),"") | FG36: =IF(COUNTIF($EA36:$FE36,"ป"),COUNTIF($EA36:$FE36,"ป"),"") | FH36: =IF(COUNTIF($EA36:$FE36,"ล"),COUNTIF($EA36:$FE36,"ล"),"") | FI36: =IF(COUNTIF($EA36:$FE36,"ข"),COUNTIF($EA36:$FE36,"ข"),"") | GO36: =IF(COUNTIF($FJ36:$GN36," /"),COUNTIF($FJ36:$GN36," /"),"") | GP36: =IF(COUNTIF($FJ36:$GN36,"ป"),COUNTIF($FJ36:$GN36,"ป"),"") | GQ36: =IF(COUNTIF($FJ36:$GN36,"ล"),COUNTIF($FJ36:$GN36,"ล"),"") | GR36: =IF(COUNTIF($FJ36:$GN36,"ข"),COUNTIF($FJ36:$GN36,"ข"),"") | GS36: =IF(A36="","",SUM(V36,BE36,CN36,DW36,FF36,GO36)) | GT36: =IF(A36="","",SUM(W36,BF36,CO36,DX36,FG36,GP36)) | GU36: =IF(A36="","",SUM(X36,BG36,CP36,DY36,FH36,GQ36)) | GV36: =IF(A36="","",SUM(Y36,ZX36,BH36,CQ36,DZ36,FI36,GR36)) | GW36: =IF(A36="","",SUM(GS36,GT36,GU36,GV36))
A37: =IF('กรอกข้อมูล นร1'!A35,'กรอกข้อมูล นร1'!A35,"") | B37: ='กรอกข้อมูล นร1'!B35&"" | C37: ='กรอกข้อมูล นร1'!D35&"" | D37: =IF('กรอกข้อมูล นร1'!C35="","",'กรอกข้อมูล นร1'!C35) | E37: =IF(A37="","",$E$6) | V37: =IF(COUNTIF($F37:$U37," /"),COUNTIF($F37:$U37," /"),"") | W37: =IF(COUNTIF($F37:$U37,"ป"),COUNTIF($F37:$U37,"ป"),"") | X37: =IF(COUNTIF($F37:$U37,"ล"),COUNTIF($F37:$U37,"ล"),"") | Y37: =IF(COUNTIF($F37:$U37,"ข"),COUNTIF($F37:$U37,"ข"),"") | BE37: =IF(COUNTIF($Z37:$BD37," /"),COUNTIF($Z37:$BD37," /"),"") | BF37: =IF(COUNTIF($Z37:$BD37,"ป"),COUNTIF($Z37:$BD37,"ป"),"") | BG37: =IF(COUNTIF($Z37:$BD37,"ล"),COUNTIF($Z37:$BD37,"ล"),"") | BH37: =IF(COUNTIF($Z37:$BD37,"ข"),COUNTIF($Z37:$BD37,"ข"),"") | CN37: =IF(COUNTIF($BI37:$CM37," /"),COUNTIF($BI37:$CM37," /"),"") | CO37: =IF(COUNTIF($BI37:$CM37,"ป"),COUNTIF($BI37:$CM37,"ป"),"") | CP37: =IF(COUNTIF($BI37:$CM37,"ล"),COUNTIF($BI37:$CM37,"ล"),"") | CQ37: =IF(COUNTIF($BI37:$CM37,"ข"),COUNTIF($BI37:$CM37,"ข"),"") | DW37: =IF(COUNTIF($CR37:$DV37," /"),COUNTIF($CR37:$DV37," /"),"") | DX37: =IF(COUNTIF($CR37:$DV37,"ป"),COUNTIF($CR37:$DV37,"ป"),"") | DY37: =IF(COUNTIF($CR37:$DV37,"ล"),COUNTIF($CR37:$DV37,"ล"),"") | DZ37: =IF(COUNTIF($CR37:$DV37,"ข"),COUNTIF($CR37:$DV37,"ข"),"") | FF37: =IF(COUNTIF($EA37:$FE37," /"),COUNTIF($EA37:$FE37," /"),"") | FG37: =IF(COUNTIF($EA37:$FE37,"ป"),COUNTIF($EA37:$FE37,"ป"),"") | FH37: =IF(COUNTIF($EA37:$FE37,"ล"),COUNTIF($EA37:$FE37,"ล"),"") | FI37: =IF(COUNTIF($EA37:$FE37,"ข"),COUNTIF($EA37:$FE37,"ข"),"") | GO37: =IF(COUNTIF($FJ37:$GN37," /"),COUNTIF($FJ37:$GN37," /"),"") | GP37: =IF(COUNTIF($FJ37:$GN37,"ป"),COUNTIF($FJ37:$GN37,"ป"),"") | GQ37: =IF(COUNTIF($FJ37:$GN37,"ล"),COUNTIF($FJ37:$GN37,"ล"),"") | GR37: =IF(COUNTIF($FJ37:$GN37,"ข"),COUNTIF($FJ37:$GN37,"ข"),"") | GS37: =IF(A37="","",SUM(V37,BE37,CN37,DW37,FF37,GO37)) | GT37: =IF(A37="","",SUM(W37,BF37,CO37,DX37,FG37,GP37)) | GU37: =IF(A37="","",SUM(X37,BG37,CP37,DY37,FH37,GQ37)) | GV37: =IF(A37="","",SUM(Y37,ZX37,BH37,CQ37,DZ37,FI37,GR37)) | GW37: =IF(A37="","",SUM(GS37,GT37,GU37,GV37))
A38: =IF('กรอกข้อมูล นร1'!A36,'กรอกข้อมูล นร1'!A36,"") | B38: ='กรอกข้อมูล นร1'!B36&"" | C38: ='กรอกข้อมูล นร1'!D36&"" | D38: =IF('กรอกข้อมูล นร1'!C36="","",'กรอกข้อมูล นร1'!C36) | E38: =IF(A38="","",$E$6) | V38: =IF(COUNTIF($F38:$U38," /"),COUNTIF($F38:$U38," /"),"") | W38: =IF(COUNTIF($F38:$U38,"ป"),COUNTIF($F38:$U38,"ป"),"") | X38: =IF(COUNTIF($F38:$U38,"ล"),COUNTIF($F38:$U38,"ล"),"") | Y38: =IF(COUNTIF($F38:$U38,"ข"),COUNTIF($F38:$U38,"ข"),"") | BE38: =IF(COUNTIF($Z38:$BD38," /"),COUNTIF($Z38:$BD38," /"),"") | BF38: =IF(COUNTIF($Z38:$BD38,"ป"),COUNTIF($Z38:$BD38,"ป"),"") | BG38: =IF(COUNTIF($Z38:$BD38,"ล"),COUNTIF($Z38:$BD38,"ล"),"") | BH38: =IF(COUNTIF($Z38:$BD38,"ข"),COUNTIF($Z38:$BD38,"ข"),"") | CN38: =IF(COUNTIF($BI38:$CM38," /"),COUNTIF($BI38:$CM38," /"),"") | CO38: =IF(COUNTIF($BI38:$CM38,"ป"),COUNTIF($BI38:$CM38,"ป"),"") | CP38: =IF(COUNTIF($BI38:$CM38,"ล"),COUNTIF($BI38:$CM38,"ล"),"") | CQ38: =IF(COUNTIF($BI38:$CM38,"ข"),COUNTIF($BI38:$CM38,"ข"),"") | DW38: =IF(COUNTIF($CR38:$DV38," /"),COUNTIF($CR38:$DV38," /"),"") | DX38: =IF(COUNTIF($CR38:$DV38,"ป"),COUNTIF($CR38:$DV38,"ป"),"") | DY38: =IF(COUNTIF($CR38:$DV38,"ล"),COUNTIF($CR38:$DV38,"ล"),"") | DZ38: =IF(COUNTIF($CR38:$DV38,"ข"),COUNTIF($CR38:$DV38,"ข"),"") | FF38: =IF(COUNTIF($EA38:$FE38," /"),COUNTIF($EA38:$FE38," /"),"") | FG38: =IF(COUNTIF($EA38:$FE38,"ป"),COUNTIF($EA38:$FE38,"ป"),"") | FH38: =IF(COUNTIF($EA38:$FE38,"ล"),COUNTIF($EA38:$FE38,"ล"),"") | FI38: =IF(COUNTIF($EA38:$FE38,"ข"),COUNTIF($EA38:$FE38,"ข"),"") | GO38: =IF(COUNTIF($FJ38:$GN38," /"),COUNTIF($FJ38:$GN38," /"),"") | GP38: =IF(COUNTIF($FJ38:$GN38,"ป"),COUNTIF($FJ38:$GN38,"ป"),"") | GQ38: =IF(COUNTIF($FJ38:$GN38,"ล"),COUNTIF($FJ38:$GN38,"ล"),"") | GR38: =IF(COUNTIF($FJ38:$GN38,"ข"),COUNTIF($FJ38:$GN38,"ข"),"") | GS38: =IF(A38="","",SUM(V38,BE38,CN38,DW38,FF38,GO38)) | GT38: =IF(A38="","",SUM(W38,BF38,CO38,DX38,FG38,GP38)) | GU38: =IF(A38="","",SUM(X38,BG38,CP38,DY38,FH38,GQ38)) | GV38: =IF(A38="","",SUM(Y38,ZX38,BH38,CQ38,DZ38,FI38,GR38)) | GW38: =IF(A38="","",SUM(GS38,GT38,GU38,GV38))
A39: =IF('กรอกข้อมูล นร1'!A37,'กรอกข้อมูล นร1'!A37,"") | B39: ='กรอกข้อมูล นร1'!B37&"" | C39: ='กรอกข้อมูล นร1'!D37&"" | D39: =IF('กรอกข้อมูล นร1'!C37="","",'กรอกข้อมูล นร1'!C37) | E39: =IF(A39="","",$E$6) | V39: =IF(COUNTIF($F39:$U39," /"),COUNTIF($F39:$U39," /"),"") | W39: =IF(COUNTIF($F39:$U39,"ป"),COUNTIF($F39:$U39,"ป"),"") | X39: =IF(COUNTIF($F39:$U39,"ล"),COUNTIF($F39:$U39,"ล"),"") | Y39: =IF(COUNTIF($F39:$U39,"ข"),COUNTIF($F39:$U39,"ข"),"") | BE39: =IF(COUNTIF($Z39:$BD39," /"),COUNTIF($Z39:$BD39," /"),"") | BF39: =IF(COUNTIF($Z39:$BD39,"ป"),COUNTIF($Z39:$BD39,"ป"),"") | BG39: =IF(COUNTIF($Z39:$BD39,"ล"),COUNTIF($Z39:$BD39,"ล"),"") | BH39: =IF(COUNTIF($Z39:$BD39,"ข"),COUNTIF($Z39:$BD39,"ข"),"") | CN39: =IF(COUNTIF($BI39:$CM39," /"),COUNTIF($BI39:$CM39," /"),"") | CO39: =IF(COUNTIF($BI39:$CM39,"ป"),COUNTIF($BI39:$CM39,"ป"),"") | CP39: =IF(COUNTIF($BI39:$CM39,"ล"),COUNTIF($BI39:$CM39,"ล"),"") | CQ39: =IF(COUNTIF($BI39:$CM39,"ข"),COUNTIF($BI39:$CM39,"ข"),"") | DW39: =IF(COUNTIF($CR39:$DV39," /"),COUNTIF($CR39:$DV39," /"),"") | DX39: =IF(COUNTIF($CR39:$DV39,"ป"),COUNTIF($CR39:$DV39,"ป"),"") | DY39: =IF(COUNTIF($CR39:$DV39,"ล"),COUNTIF($CR39:$DV39,"ล"),"") | DZ39: =IF(COUNTIF($CR39:$DV39,"ข"),COUNTIF($CR39:$DV39,"ข"),"") | FF39: =IF(COUNTIF($EA39:$FE39," /"),COUNTIF($EA39:$FE39," /"),"") | FG39: =IF(COUNTIF($EA39:$FE39,"ป"),COUNTIF($EA39:$FE39,"ป"),"") | FH39: =IF(COUNTIF($EA39:$FE39,"ล"),COUNTIF($EA39:$FE39,"ล"),"") | FI39: =IF(COUNTIF($EA39:$FE39,"ข"),COUNTIF($EA39:$FE39,"ข"),"") | GO39: =IF(COUNTIF($FJ39:$GN39," /"),COUNTIF($FJ39:$GN39," /"),"") | GP39: =IF(COUNTIF($FJ39:$GN39,"ป"),COUNTIF($FJ39:$GN39,"ป"),"") | GQ39: =IF(COUNTIF($FJ39:$GN39,"ล"),COUNTIF($FJ39:$GN39,"ล"),"") | GR39: =IF(COUNTIF($FJ39:$GN39,"ข"),COUNTIF($FJ39:$GN39,"ข"),"") | GS39: =IF(A39="","",SUM(V39,BE39,CN39,DW39,FF39,GO39)) | GT39: =IF(A39="","",SUM(W39,BF39,CO39,DX39,FG39,GP39)) | GU39: =IF(A39="","",SUM(X39,BG39,CP39,DY39,FH39,GQ39)) | GV39: =IF(A39="","",SUM(Y39,ZX39,BH39,CQ39,DZ39,FI39,GR39)) | GW39: =IF(A39="","",SUM(GS39,GT39,GU39,GV39))
A40: =IF('กรอกข้อมูล นร1'!A38,'กรอกข้อมูล นร1'!A38,"") | B40: ='กรอกข้อมูล นร1'!B38&"" | C40: ='กรอกข้อมูล นร1'!D38&"" | D40: =IF('กรอกข้อมูล นร1'!C38="","",'กรอกข้อมูล นร1'!C38) | E40: =IF(A40="","",$E$6) | V40: =IF(COUNTIF($F40:$U40," /"),COUNTIF($F40:$U40," /"),"") | W40: =IF(COUNTIF($F40:$U40,"ป"),COUNTIF($F40:$U40,"ป"),"") | X40: =IF(COUNTIF($F40:$U40,"ล"),COUNTIF($F40:$U40,"ล"),"") | Y40: =IF(COUNTIF($F40:$U40,"ข"),COUNTIF($F40:$U40,"ข"),"") | BE40: =IF(COUNTIF($Z40:$BD40," /"),COUNTIF($Z40:$BD40," /"),"") | BF40: =IF(COUNTIF($Z40:$BD40,"ป"),COUNTIF($Z40:$BD40,"ป"),"") | BG40: =IF(COUNTIF($Z40:$BD40,"ล"),COUNTIF($Z40:$BD40,"ล"),"") | BH40: =IF(COUNTIF($Z40:$BD40,"ข"),COUNTIF($Z40:$BD40,"ข"),"") | CN40: =IF(COUNTIF($BI40:$CM40," /"),COUNTIF($BI40:$CM40," /"),"") | CO40: =IF(COUNTIF($BI40:$CM40,"ป"),COUNTIF($BI40:$CM40,"ป"),"") | CP40: =IF(COUNTIF($BI40:$CM40,"ล"),COUNTIF($BI40:$CM40,"ล"),"") | CQ40: =IF(COUNTIF($BI40:$CM40,"ข"),COUNTIF($BI40:$CM40,"ข"),"") | DW40: =IF(COUNTIF($CR40:$DV40," /"),COUNTIF($CR40:$DV40," /"),"") | DX40: =IF(COUNTIF($CR40:$DV40,"ป"),COUNTIF($CR40:$DV40,"ป"),"") | DY40: =IF(COUNTIF($CR40:$DV40,"ล"),COUNTIF($CR40:$DV40,"ล"),"") | DZ40: =IF(COUNTIF($CR40:$DV40,"ข"),COUNTIF($CR40:$DV40,"ข"),"") | FF40: =IF(COUNTIF($EA40:$FE40," /"),COUNTIF($EA40:$FE40," /"),"") | FG40: =IF(COUNTIF($EA40:$FE40,"ป"),COUNTIF($EA40:$FE40,"ป"),"") | FH40: =IF(COUNTIF($EA40:$FE40,"ล"),COUNTIF($EA40:$FE40,"ล"),"") | FI40: =IF(COUNTIF($EA40:$FE40,"ข"),COUNTIF($EA40:$FE40,"ข"),"") | GO40: =IF(COUNTIF($FJ40:$GN40," /"),COUNTIF($FJ40:$GN40," /"),"") | GP40: =IF(COUNTIF($FJ40:$GN40,"ป"),COUNTIF($FJ40:$GN40,"ป"),"") | GQ40: =IF(COUNTIF($FJ40:$GN40,"ล"),COUNTIF($FJ40:$GN40,"ล"),"") | GR40: =IF(COUNTIF($FJ40:$GN40,"ข"),COUNTIF($FJ40:$GN40,"ข"),"") | GS40: =IF(A40="","",SUM(V40,BE40,CN40,DW40,FF40,GO40)) | GT40: =IF(A40="","",SUM(W40,BF40,CO40,DX40,FG40,GP40)) | GU40: =IF(A40="","",SUM(X40,BG40,CP40,DY40,FH40,GQ40)) | GV40: =IF(A40="","",SUM(Y40,ZX40,BH40,CQ40,DZ40,FI40,GR40)) | GW40: =IF(A40="","",SUM(GS40,GT40,GU40,GV40))
... A56: =IF('กรอกข้อมูล นร1'!A54,'กรอกข้อมูล นร1'!A54,"") | B56: ='กรอกข้อมูล นร1'!B54&"" | C56: ='กรอกข้อมูล นร1'!D54&"" | D56: =IF('กรอกข้อมูล นร1'!C54="","",'กรอกข้อมูล นร1'!C54) | E56: =IF(A56="","",$E$6) | V56: =IF(COUNTIF($F56:$U56," /"),COUNTIF($F56:$U56," /"),"") | W56: =IF(COUNTIF($F56:$U56,"ป"),COUNTIF($F56:$U56,"ป"),"") | X56: =IF(COUNTIF($F56:$U56,"ล"),COUNTIF($F56:$U56,"ล"),"") | Y56: =IF(COUNTIF($F56:$U56,"ข"),COUNTIF($F56:$U56,"ข"),"") | BE56: =IF(COUNTIF($Z56:$BD56," /"),COUNTIF($Z56:$BD56," /"),"") | BF56: =IF(COUNTIF($Z56:$BD56,"ป"),COUNTIF($Z56:$BD56,"ป"),"") | BG56: =IF(COUNTIF($Z56:$BD56,"ล"),COUNTIF($Z56:$BD56,"ล"),"") | BH56: =IF(COUNTIF($Z56:$BD56,"ข"),COUNTIF($Z56:$BD56,"ข"),"") | CN56: =IF(COUNTIF($BI56:$CM56," /"),COUNTIF($BI56:$CM56," /"),"") | CO56: =IF(COUNTIF($BI56:$CM56,"ป"),COUNTIF($BI56:$CM56,"ป"),"") | CP56: =IF(COUNTIF($BI56:$CM56,"ล"),COUNTIF($BI56:$CM56,"ล"),"") | CQ56: =IF(COUNTIF($BI56:$CM56,"ข"),COUNTIF($BI56:$CM56,"ข"),"") | DW56: =IF(COUNTIF($CR56:$DV56," /"),COUNTIF($CR56:$DV56," /"),"") | DX56: =IF(COUNTIF($CR56:$DV56,"ป"),COUNTIF($CR56:$DV56,"ป"),"") | DY56: =IF(COUNTIF($CR56:$DV56,"ล"),COUNTIF($CR56:$DV56,"ล"),"") | DZ56: =IF(COUNTIF($CR56:$DV56,"ข"),COUNTIF($CR56:$DV56,"ข"),"") | FF56: =IF(COUNTIF($EA56:$FE56," /"),COUNTIF($EA56:$FE56," /"),"") | FG56: =IF(COUNTIF($EA56:$FE56,"ป"),COUNTIF($EA56:$FE56,"ป"),"") | FH56: =IF(COUNTIF($EA56:$FE56,"ล"),COUNTIF($EA56:$FE56,"ล"),"") | FI56: =IF(COUNTIF($EA56:$FE56,"ข"),COUNTIF($EA56:$FE56,"ข"),"") | GO56: =IF(COUNTIF($FJ56:$GN56," /"),COUNTIF($FJ56:$GN56," /"),"") | GP56: =IF(COUNTIF($FJ56:$GN56,"ป"),COUNTIF($FJ56:$GN56,"ป"),"") | GQ56: =IF(COUNTIF($FJ56:$GN56,"ล"),COUNTIF($FJ56:$GN56,"ล"),"") | GR56: =IF(COUNTIF($FJ56:$GN56,"ข"),COUNTIF($FJ56:$GN56,"ข"),"") | GS56: =IF(A56="","",SUM(V56,BE56,CN56,DW56,FF56,GO56)) | GT56: =IF(A56="","",SUM(W56,BF56,CO56,DX56,FG56,GP56)) | GU56: =IF(A56="","",SUM(X56,BG56,CP56,DY56,FH56,GQ56)) | GV56: =IF(A56="","",SUM(Y56,ZX56,BH56,CQ56,DZ56,FI56,GR56)) | GW56: =IF(A56="","",SUM(GS56,GT56,GU56,GV56))
A62: /
A63: ข
A64: ล
A65: ป

Sheet เวลาเรียน2
A2: เลขที่ | B2: เลขประจำตัว | C2: เลขประจำตัวประชาชน | D2: ชื่อ - สกุล | E2: ปี | F2: =ข้อมูลพื้นฐาน!B8&"" -> 2565 | AO2: =ข้อมูลพื้นฐาน!B8&"" -> 2565 | BX2: =ข้อมูลพื้นฐาน!B8+1&"" -> 2566 | DG2: =ข้อมูลพื้นฐาน!B8+1&"" -> 2566 | EP2: =ข้อมูลพื้นฐาน!B8+1&"" -> 2566 | FY2: =ข้อมูลพื้นฐาน!B8+1&"" -> 2566
E3: เดือน | F3: พฤศจิกายน | AK3: รวม | AO3: ธันวาคม | BT3: รวม | BX3: มกราคม | DC3: รวม | DG3: กุมภาพันธ์ | EL3: รวม | EP3: มีนาคม | FU3: รวม | FY3: เมษายน | HD3: รวม | HH3: รวมทั้งเทอม | HL3: รวม | HN3: รวมทั้งเทอม | HR3: รวม
E5: วันที่/เต็ม | AK5: มา | AL5: ป่วย | AM5: ลา | AN5: ขาด | BT5: มา | BU5: ป่วย | BV5: ลา | BW5: ขาด | DC5: มา | DD5: ป่วย | DE5: ลา | DF5: ขาด | EL5: มา | EM5: ป่วย | EN5: ลา | EO5: ขาด | FU5: มา | FV5: ป่วย | FW5: ลา | FX5: ขาด | HD5: มา | HE5: ป่วย | HF5: ลา | HG5: ขาด | HH5: มา | HI5: ป่วย | HJ5: ลา | HK5: ขาด | HN5: มา | HO5: ป่วย | HP5: ลา | HQ5: ขาด
E6: 100 | F6: 1 | G6: 2 | H6: 3 | I6: 4 | J6: 5 | K6: 6 | L6: 7 | M6: 8 | N6: 9 | O6: 10 | P6: 11 | Q6: 12 | R6: 13 | S6: 14 | T6: 15 | U6: 16 | V6: 17 | W6: 18 | X6: 19 | Y6: 20 | Z6: 21 | AA6: 22 | AB6: 23 | AC6: 24 | AD6: 25 | AE6: 26 | AF6: 27 | AG6: 28 | AH6: 29 | AI6: 30 | AO6: 1 | AP6: 2 | AQ6: 3 | AR6: 4 | AS6: 5 | AT6: 6 | AU6: 7 | AV6: 8 | AW6: 9 | AX6: 10 | AY6: 11 | AZ6: 12 | BA6: 13 | BB6: 14 | BC6: 15 | BD6: 16 | BE6: 17 | BF6: 18 | BG6: 19 | BH6: 20 | BI6: 21 | BJ6: 22 | BK6: 23 | BL6: 24 | BM6: 25 | BN6: 26 | BO6: 27 | BP6: 28 | BQ6: 29 | BR6: 30 | BS6: 31 | BX6: 1 | BY6: 2 | BZ6: 3 | CA6: 4 | CB6: 5 | CC6: 6 | CD6: 7 | CE6: 8 | CF6: 9 | CG6: 10 | CH6: 11 | CI6: 12 | CJ6: 13 | CK6: 14 | CL6: 15 | CM6: 16 | CN6: 17 | CO6: 18 | CP6: 19 | CQ6: 20 | CR6: 21 | CS6: 22 | CT6: 23 | CU6: 24 | CV6: 25 | CW6: 26 | CX6: 27 | CY6: 28 | CZ6: 29 | DA6: 30 | DB6: 31 | DG6: 1 | DH6: 2 | DI6: 3 | DJ6: 4 | DK6: 5 | DL6: 6 | DM6: 7 | DN6: 8 | DO6: 9 | DP6: 10 | DQ6: 11 | DR6: 12 | DS6: 13 | DT6: 14 | DU6: 15 | DV6: 16 | DW6: 17 | DX6: 18 | DY6: 19 | DZ6: 20 | EA6: 21 | EB6: 22 | EC6: 23 | ED6: 24 | EE6: 25 | EF6: 26 | EG6: 27 | EH6: 28 | EP6: 1 | EQ6: 2 | ER6: 3 | ES6: 4 | ET6: 5 | EU6: 6 | EV6: 7 | EW6: 8 | EX6: 9 | EY6: 10 | EZ6: 11 | FA6: 12 | FB6: 13 | FC6: 14 | FD6: 15 | FE6: 16 | FF6: 17 | FG6: 18 | FH6: 19 | FI6: 20 | FJ6: 21 | FK6: 22 | FL6: 23 | FM6: 24 | FN6: 25 | FO6: 26 | FP6: 27 | FQ6: 28 | FR6: 29 | FS6: 30 | FT6: 31 | FY6: 1 | FZ6: 2 | GA6: 3 | GB6: 4 | GC6: 5 | GD6: 6 | GE6: 7 | GF6: 8 | GG6: 9 | GH6: 10 | GI6: 11 | GJ6: 12 | GK6: 13 | GL6: 14 | GM6: 15 | GN6: 16 | GO6: 17 | GP6: 18 | GQ6: 19 | GR6: 20 | GS6: 21 | GT6: 22 | GU6: 23 | GV6: 24 | GW6: 25 | GX6: 26 | GY6: 27 | GZ6: 28 | HA6: 29 | HB6: 30
A7: =IF('กรอกข้อมูล นร1'!A5,'กรอกข้อมูล นร1'!A5,"") -> 1 | B7: ='กรอกข้อมูล นร1'!B5&"" | C7: ='กรอกข้อมูล นร1'!D5&"" | D7: =IF('กรอกข้อมูล นร1'!C5="","",'กรอกข้อมูล นร1'!C5) | E7: =IF(A7="","",$E$6) -> 100 | AK7: =IF(COUNTIF(F7:AJ7," /"),COUNTIF(F7:AJ7," /"),"") | AL7: =IF(COUNTIF(F7:AJ7,"ป"),COUNTIF(F7:AJ7,"ป"),"") | AM7: =IF(COUNTIF(F7:AJ7,"ล"),COUNTIF(F7:AJ7,"ล"),"") | AN7: =IF(COUNTIF(F7:AJ7,"ข"),COUNTIF(F7:AJ7,"ข"),"") | BT7: =IF(COUNTIF(AO7:BS7," /"),COUNTIF(AO7:BS7," /"),"") | BU7: =IF(COUNTIF(AO7:BS7,"ป"),COUNTIF(AO7:BS7,"ป"),"") | BV7: =IF(COUNTIF(AO7:BS7,"ล"),COUNTIF(AO7:BS7,"ล"),"") | BW7: =IF(COUNTIF(AO7:BS7,"ข"),COUNTIF(AO7:BS7,"ข"),"") | DC7: =IF(COUNTIF($BX7:$DB7," /"),COUNTIF($BX7:$DB7," /"),"") | DD7: =IF(COUNTIF($BX7:$DB7,"ป"),COUNTIF($BY7:$DB7,"ป"),"") | DE7: =IF(COUNTIF($BX7:$DB7,"ล"),COUNTIF($BY7:$DB7,"ล"),"") | DF7: =IF(COUNTIF($BX7:$DB7,"ข"),COUNTIF($BY7:$DB7,"ข"),"") | EL7: =IF(COUNTIF($DG7:$EK7," /"),COUNTIF($DG7:$EK7," /"),"") | EM7: =IF(COUNTIF($DG7:$EK7,"ป"),COUNTIF($DG7:$EK7,"ป"),"") | EN7: =IF(COUNTIF($DG7:$EK7,"ล"),COUNTIF($DG7:$EK7,"ล"),"") | EO7: =IF(COUNTIF($DG7:$EK7,"ข"),COUNTIF($DG7:$EK7,"ข"),"") | FU7: =IF(COUNTIF($EP7:$FT7," /"),COUNTIF($EP7:$FT7," /"),"") | FV7: =IF(COUNTIF($EP7:$FT7,"ป"),COUNTIF($EP7:$FT7,"ป"),"") | FW7: =IF(COUNTIF($EP7:$FT7,"ล"),COUNTIF($EP7:$FT7,"ล"),"") | FX7: =IF(COUNTIF($EP7:$FT7,"ข"),COUNTIF($EP7:$FT7,"ข"),"") | HD7: =IF(COUNTIF($FY7:$HC7," /"),COUNTIF($FY7:$HC7," /"),"") | HE7: =IF(COUNTIF($FY7:$HC7,"ป"),COUNTIF($FY7:$HC7,"ป"),"") | HF7: =IF(COUNTIF($FY7:$HC7,"ล"),COUNTIF($FY7:$HC7,"ล"),"") | HG7: =IF(COUNTIF($FY7:$HC7,"ข"),COUNTIF($FY7:$HC7,"ข"),"") | HH7: =IF(A7="","",SUM(BT7,DC7,EL7,FU7,HD7,#REF!)) -> #REF! | HI7: =IF(A7="","",SUM(BU7,DD7,EM7,FV7,HE7,#REF!)) -> #REF! | HJ7: =IF(A7="","",SUM(BV7,DE7,EN7,FW7,HF7,#REF!)) -> #REF! | HK7: =IF(A7="","",SUM(BW7,DF7,EO7,FX7,HG7,#REF!)) -> #REF! | HL7: =IF(A7="","",SUM(HH7:HK7)) -> #REF! | HN7: =IF(A7="","",SUM(AK7,BT7,DC7,EL7,FU7,HD7)) -> 0 | HO7: =IF(A7="","",SUM(AL7,BU7,DD7,EM7,FV7,HE7)) -> 0 | HP7: =IF(A7="","",SUM(AM7,BV7,DE7,EN7,FW7,HF7)) -> 0 | HQ7: =IF(A7="","",SUM(AN7,BW7,DF7,EO7,FX7,HG7)) -> 0 | HR7: =IF(A7="","",SUM(HN7,HO7,HP7,HQ7)) -> 0
A8: =IF('กรอกข้อมูล นร1'!A6,'กรอกข้อมูล นร1'!A6,"") | B8: ='กรอกข้อมูล นร1'!B6&"" | C8: ='กรอกข้อมูล นร1'!D6&"" | D8: =IF('กรอกข้อมูล นร1'!C6="","",'กรอกข้อมูล นร1'!C6) | E8: =IF(A8="","",$E$6) | AK8: =IF(COUNTIF(F8:AJ8," /"),COUNTIF(F8:AJ8," /"),"") | AL8: =IF(COUNTIF(F8:AJ8,"ป"),COUNTIF(F8:AJ8,"ป"),"") | AM8: =IF(COUNTIF(F8:AJ8,"ล"),COUNTIF(F8:AJ8,"ล"),"") | AN8: =IF(COUNTIF(F8:AJ8,"ข"),COUNTIF(F8:AJ8,"ข"),"") | BT8: =IF(COUNTIF(AO8:BS8," /"),COUNTIF(AO8:BS8," /"),"") | BU8: =IF(COUNTIF(AO8:BS8," ป"),COUNTIF(AO8:BS8," ป"),"") | BV8: =IF(COUNTIF(AO8:BS8," ล"),COUNTIF(AO8:BS8," ล"),"") | BW8: =IF(COUNTIF(AO8:BS8," ข"),COUNTIF(AO8:BS8," ข"),"") | DC8: =IF(COUNTIF($BX8:$DB8," /"),COUNTIF($BX8:$DB8," /"),"") | DD8: =IF(COUNTIF($BX8:$DB8,"ป"),COUNTIF($BY8:$DB8,"ป"),"") | DE8: =IF(COUNTIF($BX8:$DB8,"ล"),COUNTIF($BY8:$DB8,"ล"),"") | DF8: =IF(COUNTIF($BX8:$DB8,"ข"),COUNTIF($BY8:$DB8,"ข"),"") | EL8: =IF(COUNTIF($DG8:$EK8," /"),COUNTIF($DG8:$EK8," /"),"") | EM8: =IF(COUNTIF($DG8:$EK8,"ป"),COUNTIF($DG8:$EK8,"ป"),"") | EN8: =IF(COUNTIF($DG8:$EK8,"ล"),COUNTIF($DG8:$EK8,"ล"),"") | EO8: =IF(COUNTIF($DG8:$EK8,"ข"),COUNTIF($DG8:$EK8,"ข"),"") | FU8: =IF(COUNTIF($EP8:$FT8," /"),COUNTIF($EP8:$FT8," /"),"") | FV8: =IF(COUNTIF($EP8:$FT8,"ป"),COUNTIF($EP8:$FT8,"ป"),"") | FW8: =IF(COUNTIF($EP8:$FT8,"ล"),COUNTIF($EP8:$FT8,"ล"),"") | FX8: =IF(COUNTIF($EP8:$FT8,"ข"),COUNTIF($EP8:$FT8,"ข"),"") | HD8: =IF(COUNTIF($FY8:$HC8," /"),COUNTIF($FY8:$HC8," /"),"") | HE8: =IF(COUNTIF($FY8:$HC8,"ป"),COUNTIF($FY8:$HC8,"ป"),"") | HF8: =IF(COUNTIF($FY8:$HC8,"ล"),COUNTIF($FY8:$HC8,"ล"),"") | HG8: =IF(COUNTIF($FY8:$HC8,"ข"),COUNTIF($FY8:$HC8,"ข"),"") | HH8: =IF(A8="","",SUM(BT8,DC8,EL8,FU8,HD8,#REF!)) | HI8: =IF(A8="","",SUM(BU8,DD8,EM8,FV8,HE8,#REF!)) | HJ8: =IF(A8="","",SUM(BV8,DE8,EN8,FW8,HF8,#REF!)) | HK8: =IF(A8="","",SUM(BW8,DF8,EO8,FX8,HG8,#REF!)) | HL8: =IF(A8="","",SUM(HH8:HK8)) | HN8: =IF(A8="","",SUM(AK8,BT8,DC8,EL8,FU8,HD8)) | HO8: =IF(A8="","",SUM(AL8,BU8,DD8,EM8,FV8,HE8)) | HP8: =IF(A8="","",SUM(AM8,BV8,DE8,EN8,FW8,HF8)) | HQ8: =IF(A8="","",SUM(AN8,BW8,DF8,EO8,FX8,HG8)) | HR8: =IF(A8="","",SUM(HN8,HO8,HP8,HQ8))
A9: =IF('กรอกข้อมูล นร1'!A7,'กรอกข้อมูล นร1'!A7,"") | B9: ='กรอกข้อมูล นร1'!B7&"" | C9: ='กรอกข้อมูล นร1'!D7&"" | D9: =IF('กรอกข้อมูล นร1'!C7="","",'กรอกข้อมูล นร1'!C7) | E9: =IF(A9="","",$E$6) | AK9: =IF(COUNTIF(F9:AJ9," /"),COUNTIF(F9:AJ9," /"),"") | AL9: =IF(COUNTIF(F9:AJ9,"ป"),COUNTIF(F9:AJ9,"ป"),"") | AM9: =IF(COUNTIF(F9:AJ9,"ล"),COUNTIF(F9:AJ9,"ล"),"") | AN9: =IF(COUNTIF(F9:AJ9,"ข"),COUNTIF(F9:AJ9,"ข"),"") | BT9: =IF(COUNTIF(AO9:BS9," /"),COUNTIF(AO9:BS9," /"),"") | BU9: =IF(COUNTIF(AO9:BS9," ป"),COUNTIF(AO9:BS9," ป"),"") | BV9: =IF(COUNTIF(AO9:BS9," ล"),COUNTIF(AO9:BS9," ล"),"") | BW9: =IF(COUNTIF(AO9:BS9," ข"),COUNTIF(AO9:BS9," ข"),"") | DC9: =IF(COUNTIF($BX9:$DB9," /"),COUNTIF($BX9:$DB9," /"),"") | DD9: =IF(COUNTIF($BX9:$DB9,"ป"),COUNTIF($BY9:$DB9,"ป"),"") | DE9: =IF(COUNTIF($BX9:$DB9,"ล"),COUNTIF($BY9:$DB9,"ล"),"") | DF9: =IF(COUNTIF($BX9:$DB9,"ข"),COUNTIF($BY9:$DB9,"ข"),"") | EL9: =IF(COUNTIF($DG9:$EK9," /"),COUNTIF($DG9:$EK9," /"),"") | EM9: =IF(COUNTIF($DG9:$EK9,"ป"),COUNTIF($DG9:$EK9,"ป"),"") | EN9: =IF(COUNTIF($DG9:$EK9,"ล"),COUNTIF($DG9:$EK9,"ล"),"") | EO9: =IF(COUNTIF($DG9:$EK9,"ข"),COUNTIF($DG9:$EK9,"ข"),"") | FU9: =IF(COUNTIF($EP9:$FT9," /"),COUNTIF($EP9:$FT9," /"),"") | FV9: =IF(COUNTIF($EP9:$FT9,"ป"),COUNTIF($EP9:$FT9,"ป"),"") | FW9: =IF(COUNTIF($EP9:$FT9,"ล"),COUNTIF($EP9:$FT9,"ล"),"") | FX9: =IF(COUNTIF($EP9:$FT9,"ข"),COUNTIF($EP9:$FT9,"ข"),"") | HD9: =IF(COUNTIF($FY9:$HC9," /"),COUNTIF($FY9:$HC9," /"),"") | HE9: =IF(COUNTIF($FY9:$HC9,"ป"),COUNTIF($FY9:$HC9,"ป"),"") | HF9: =IF(COUNTIF($FY9:$HC9,"ล"),COUNTIF($FY9:$HC9,"ล"),"") | HG9: =IF(COUNTIF($FY9:$HC9,"ข"),COUNTIF($FY9:$HC9,"ข"),"") | HH9: =IF(A9="","",SUM(BT9,DC9,EL9,FU9,HD9,#REF!)) | HI9: =IF(A9="","",SUM(BU9,DD9,EM9,FV9,HE9,#REF!)) | HJ9: =IF(A9="","",SUM(BV9,DE9,EN9,FW9,HF9,#REF!)) | HK9: =IF(A9="","",SUM(BW9,DF9,EO9,FX9,HG9,#REF!)) | HL9: =IF(A9="","",SUM(HH9:HK9)) | HN9: =IF(A9="","",SUM(AK9,BT9,DC9,EL9,FU9,HD9)) | HO9: =IF(A9="","",SUM(AL9,BU9,DD9,EM9,FV9,HE9)) | HP9: =IF(A9="","",SUM(AM9,BV9,DE9,EN9,FW9,HF9)) | HQ9: =IF(A9="","",SUM(AN9,BW9,DF9,EO9,FX9,HG9)) | HR9: =IF(A9="","",SUM(HN9,HO9,HP9,HQ9))
A10: =IF('กรอกข้อมูล นร1'!A8,'กรอกข้อมูล นร1'!A8,"") | B10: ='กรอกข้อมูล นร1'!B8&"" | C10: ='กรอกข้อมูล นร1'!D8&"" | D10: =IF('กรอกข้อมูล นร1'!C8="","",'กรอกข้อมูล นร1'!C8) | E10: =IF(A10="","",$E$6) | AK10: =IF(COUNTIF(F10:AJ10," /"),COUNTIF(F10:AJ10," /"),"") | AL10: =IF(COUNTIF(F10:AJ10,"ป"),COUNTIF(F10:AJ10,"ป"),"") | AM10: =IF(COUNTIF(F10:AJ10,"ล"),COUNTIF(F10:AJ10,"ล"),"") | AN10: =IF(COUNTIF(F10:AJ10,"ข"),COUNTIF(F10:AJ10,"ข"),"") | BT10: =IF(COUNTIF(AO10:BS10," /"),COUNTIF(AO10:BS10," /"),"") | BU10: =IF(COUNTIF(AO10:BS10," ป"),COUNTIF(AO10:BS10," ป"),"") | BV10: =IF(COUNTIF(AO10:BS10," ล"),COUNTIF(AO10:BS10," ล"),"") | BW10: =IF(COUNTIF(AO10:BS10," ข"),COUNTIF(AO10:BS10," ข"),"") | DC10: =IF(COUNTIF($BX10:$DB10," /"),COUNTIF($BX10:$DB10," /"),"") | DD10: =IF(COUNTIF($BX10:$DB10,"ป"),COUNTIF($BY10:$DB10,"ป"),"") | DE10: =IF(COUNTIF($BX10:$DB10,"ล"),COUNTIF($BY10:$DB10,"ล"),"") | DF10: =IF(COUNTIF($BX10:$DB10,"ข"),COUNTIF($BY10:$DB10,"ข"),"") | EL10: =IF(COUNTIF($DG10:$EK10," /"),COUNTIF($DG10:$EK10," /"),"") | EM10: =IF(COUNTIF($DG10:$EK10,"ป"),COUNTIF($DG10:$EK10,"ป"),"") | EN10: =IF(COUNTIF($DG10:$EK10,"ล"),COUNTIF($DG10:$EK10,"ล"),"") | EO10: =IF(COUNTIF($DG10:$EK10,"ข"),COUNTIF($DG10:$EK10,"ข"),"") | FU10: =IF(COUNTIF($EP10:$FT10," /"),COUNTIF($EP10:$FT10," /"),"") | FV10: =IF(COUNTIF($EP10:$FT10,"ป"),COUNTIF($EP10:$FT10,"ป"),"") | FW10: =IF(COUNTIF($EP10:$FT10,"ล"),COUNTIF($EP10:$FT10,"ล"),"") | FX10: =IF(COUNTIF($EP10:$FT10,"ข"),COUNTIF($EP10:$FT10,"ข"),"") | HD10: =IF(COUNTIF($FY10:$HC10," /"),COUNTIF($FY10:$HC10," /"),"") | HE10: =IF(COUNTIF($FY10:$HC10,"ป"),COUNTIF($FY10:$HC10,"ป"),"") | HF10: =IF(COUNTIF($FY10:$HC10,"ล"),COUNTIF($FY10:$HC10,"ล"),"") | HG10: =IF(COUNTIF($FY10:$HC10,"ข"),COUNTIF($FY10:$HC10,"ข"),"") | HH10: =IF(A10="","",SUM(BT10,DC10,EL10,FU10,HD10,#REF!)) | HI10: =IF(A10="","",SUM(BU10,DD10,EM10,FV10,HE10,#REF!)) | HJ10: =IF(A10="","",SUM(BV10,DE10,EN10,FW10,HF10,#REF!)) | HK10: =IF(A10="","",SUM(BW10,DF10,EO10,FX10,HG10,#REF!)) | HL10: =IF(A10="","",SUM(HH10:HK10)) | HN10: =IF(A10="","",SUM(AK10,BT10,DC10,EL10,FU10,HD10)) | HO10: =IF(A10="","",SUM(AL10,BU10,DD10,EM10,FV10,HE10)) | HP10: =IF(A10="","",SUM(AM10,BV10,DE10,EN10,FW10,HF10)) | HQ10: =IF(A10="","",SUM(AN10,BW10,DF10,EO10,FX10,HG10)) | HR10: =IF(A10="","",SUM(HN10,HO10,HP10,HQ10))
A11: =IF('กรอกข้อมูล นร1'!A9,'กรอกข้อมูล นร1'!A9,"") | B11: ='กรอกข้อมูล นร1'!B9&"" | C11: ='กรอกข้อมูล นร1'!D9&"" | D11: =IF('กรอกข้อมูล นร1'!C9="","",'กรอกข้อมูล นร1'!C9) | E11: =IF(A11="","",$E$6) | AK11: =IF(COUNTIF(F11:AJ11," /"),COUNTIF(F11:AJ11," /"),"") | AL11: =IF(COUNTIF(F11:AJ11,"ป"),COUNTIF(F11:AJ11,"ป"),"") | AM11: =IF(COUNTIF(F11:AJ11,"ล"),COUNTIF(F11:AJ11,"ล"),"") | AN11: =IF(COUNTIF(F11:AJ11,"ข"),COUNTIF(F11:AJ11,"ข"),"") | BT11: =IF(COUNTIF(AO11:BS11," /"),COUNTIF(AO11:BS11," /"),"") | BU11: =IF(COUNTIF(AO11:BS11," ป"),COUNTIF(AO11:BS11," ป"),"") | BV11: =IF(COUNTIF(AO11:BS11," ล"),COUNTIF(AO11:BS11," ล"),"") | BW11: =IF(COUNTIF(AO11:BS11," ข"),COUNTIF(AO11:BS11," ข"),"") | DC11: =IF(COUNTIF($BX11:$DB11," /"),COUNTIF($BX11:$DB11," /"),"") | DD11: =IF(COUNTIF($BX11:$DB11,"ป"),COUNTIF($BY11:$DB11,"ป"),"") | DE11: =IF(COUNTIF($BX11:$DB11,"ล"),COUNTIF($BY11:$DB11,"ล"),"") | DF11: =IF(COUNTIF($BX11:$DB11,"ข"),COUNTIF($BY11:$DB11,"ข"),"") | EL11: =IF(COUNTIF($DG11:$EK11," /"),COUNTIF($DG11:$EK11," /"),"") | EM11: =IF(COUNTIF($DG11:$EK11,"ป"),COUNTIF($DG11:$EK11,"ป"),"") | EN11: =IF(COUNTIF($DG11:$EK11,"ล"),COUNTIF($DG11:$EK11,"ล"),"") | EO11: =IF(COUNTIF($DG11:$EK11,"ข"),COUNTIF($DG11:$EK11,"ข"),"") | FU11: =IF(COUNTIF($EP11:$FT11," /"),COUNTIF($EP11:$FT11," /"),"") | FV11: =IF(COUNTIF($EP11:$FT11,"ป"),COUNTIF($EP11:$FT11,"ป"),"") | FW11: =IF(COUNTIF($EP11:$FT11,"ล"),COUNTIF($EP11:$FT11,"ล"),"") | FX11: =IF(COUNTIF($EP11:$FT11,"ข"),COUNTIF($EP11:$FT11,"ข"),"") | HD11: =IF(COUNTIF($FY11:$HC11," /"),COUNTIF($FY11:$HC11," /"),"") | HE11: =IF(COUNTIF($FY11:$HC11,"ป"),COUNTIF($FY11:$HC11,"ป"),"") | HF11: =IF(COUNTIF($FY11:$HC11,"ล"),COUNTIF($FY11:$HC11,"ล"),"") | HG11: =IF(COUNTIF($FY11:$HC11,"ข"),COUNTIF($FY11:$HC11,"ข"),"") | HH11: =IF(A11="","",SUM(BT11,DC11,EL11,FU11,HD11,#REF!)) | HI11: =IF(A11="","",SUM(BU11,DD11,EM11,FV11,HE11,#REF!)) | HJ11: =IF(A11="","",SUM(BV11,DE11,EN11,FW11,HF11,#REF!)) | HK11: =IF(A11="","",SUM(BW11,DF11,EO11,FX11,HG11,#REF!)) | HL11: =IF(A11="","",SUM(HH11:HK11)) | HN11: =IF(A11="","",SUM(AK11,BT11,DC11,EL11,FU11,HD11)) | HO11: =IF(A11="","",SUM(AL11,BU11,DD11,EM11,FV11,HE11)) | HP11: =IF(A11="","",SUM(AM11,BV11,DE11,EN11,FW11,HF11)) | HQ11: =IF(A11="","",SUM(AN11,BW11,DF11,EO11,FX11,HG11)) | HR11: =IF(A11="","",SUM(HN11,HO11,HP11,HQ11))
A12: =IF('กรอกข้อมูล นร1'!A10,'กรอกข้อมูล นร1'!A10,"") | B12: ='กรอกข้อมูล นร1'!B10&"" | C12: ='กรอกข้อมูล นร1'!D10&"" | D12: =IF('กรอกข้อมูล นร1'!C10="","",'กรอกข้อมูล นร1'!C10) | E12: =IF(A12="","",$E$6) | AK12: =IF(COUNTIF(F12:AJ12," /"),COUNTIF(F12:AJ12," /"),"") | AL12: =IF(COUNTIF(F12:AJ12,"ป"),COUNTIF(F12:AJ12,"ป"),"") | AM12: =IF(COUNTIF(F12:AJ12,"ล"),COUNTIF(F12:AJ12,"ล"),"") | AN12: =IF(COUNTIF(F12:AJ12,"ข"),COUNTIF(F12:AJ12,"ข"),"") | BT12: =IF(COUNTIF(AO12:BS12," /"),COUNTIF(AO12:BS12," /"),"") | BU12: =IF(COUNTIF(AO12:BS12," ป"),COUNTIF(AO12:BS12," ป"),"") | BV12: =IF(COUNTIF(AO12:BS12," ล"),COUNTIF(AO12:BS12," ล"),"") | BW12: =IF(COUNTIF(AO12:BS12," ข"),COUNTIF(AO12:BS12," ข"),"") | DC12: =IF(COUNTIF($BX12:$DB12," /"),COUNTIF($BX12:$DB12," /"),"") | DD12: =IF(COUNTIF($BX12:$DB12,"ป"),COUNTIF($BY12:$DB12,"ป"),"") | DE12: =IF(COUNTIF($BX12:$DB12,"ล"),COUNTIF($BY12:$DB12,"ล"),"") | DF12: =IF(COUNTIF($BX12:$DB12,"ข"),COUNTIF($BY12:$DB12,"ข"),"") | EL12: =IF(COUNTIF($DG12:$EK12," /"),COUNTIF($DG12:$EK12," /"),"") | EM12: =IF(COUNTIF($DG12:$EK12,"ป"),COUNTIF($DG12:$EK12,"ป"),"") | EN12: =IF(COUNTIF($DG12:$EK12,"ล"),COUNTIF($DG12:$EK12,"ล"),"") | EO12: =IF(COUNTIF($DG12:$EK12,"ข"),COUNTIF($DG12:$EK12,"ข"),"") | FU12: =IF(COUNTIF($EP12:$FT12," /"),COUNTIF($EP12:$FT12," /"),"") | FV12: =IF(COUNTIF($EP12:$FT12,"ป"),COUNTIF($EP12:$FT12,"ป"),"") | FW12: =IF(COUNTIF($EP12:$FT12,"ล"),COUNTIF($EP12:$FT12,"ล"),"") | FX12: =IF(COUNTIF($EP12:$FT12,"ข"),COUNTIF($EP12:$FT12,"ข"),"") | HD12: =IF(COUNTIF($FY12:$HC12," /"),COUNTIF($FY12:$HC12," /"),"") | HE12: =IF(COUNTIF($FY12:$HC12,"ป"),COUNTIF($FY12:$HC12,"ป"),"") | HF12: =IF(COUNTIF($FY12:$HC12,"ล"),COUNTIF($FY12:$HC12,"ล"),"") | HG12: =IF(COUNTIF($FY12:$HC12,"ข"),COUNTIF($FY12:$HC12,"ข"),"") | HH12: =IF(A12="","",SUM(BT12,DC12,EL12,FU12,HD12,#REF!)) | HI12: =IF(A12="","",SUM(BU12,DD12,EM12,FV12,HE12,#REF!)) | HJ12: =IF(A12="","",SUM(BV12,DE12,EN12,FW12,HF12,#REF!)) | HK12: =IF(A12="","",SUM(BW12,DF12,EO12,FX12,HG12,#REF!)) | HL12: =IF(A12="","",SUM(HH12:HK12)) | HN12: =IF(A12="","",SUM(AK12,BT12,DC12,EL12,FU12,HD12)) | HO12: =IF(A12="","",SUM(AL12,BU12,DD12,EM12,FV12,HE12)) | HP12: =IF(A12="","",SUM(AM12,BV12,DE12,EN12,FW12,HF12)) | HQ12: =IF(A12="","",SUM(AN12,BW12,DF12,EO12,FX12,HG12)) | HR12: =IF(A12="","",SUM(HN12,HO12,HP12,HQ12))
A13: =IF('กรอกข้อมูล นร1'!A11,'กรอกข้อมูล นร1'!A11,"") | B13: ='กรอกข้อมูล นร1'!B11&"" | C13: ='กรอกข้อมูล นร1'!D11&"" | D13: =IF('กรอกข้อมูล นร1'!C11="","",'กรอกข้อมูล นร1'!C11) | E13: =IF(A13="","",$E$6) | AK13: =IF(COUNTIF(F13:AJ13," /"),COUNTIF(F13:AJ13," /"),"") | AL13: =IF(COUNTIF(F13:AJ13,"ป"),COUNTIF(F13:AJ13,"ป"),"") | AM13: =IF(COUNTIF(F13:AJ13,"ล"),COUNTIF(F13:AJ13,"ล"),"") | AN13: =IF(COUNTIF(F13:AJ13,"ข"),COUNTIF(F13:AJ13,"ข"),"") | BT13: =IF(COUNTIF(AO13:BS13," /"),COUNTIF(AO13:BS13," /"),"") | BU13: =IF(COUNTIF(AO13:BS13," ป"),COUNTIF(AO13:BS13," ป"),"") | BV13: =IF(COUNTIF(AO13:BS13," ล"),COUNTIF(AO13:BS13," ล"),"") | BW13: =IF(COUNTIF(AO13:BS13," ข"),COUNTIF(AO13:BS13," ข"),"") | DC13: =IF(COUNTIF($BX13:$DB13," /"),COUNTIF($BX13:$DB13," /"),"") | DD13: =IF(COUNTIF($BX13:$DB13,"ป"),COUNTIF($BY13:$DB13,"ป"),"") | DE13: =IF(COUNTIF($BX13:$DB13,"ล"),COUNTIF($BY13:$DB13,"ล"),"") | DF13: =IF(COUNTIF($BX13:$DB13,"ข"),COUNTIF($BY13:$DB13,"ข"),"") | EL13: =IF(COUNTIF($DG13:$EK13," /"),COUNTIF($DG13:$EK13," /"),"") | EM13: =IF(COUNTIF($DG13:$EK13,"ป"),COUNTIF($DG13:$EK13,"ป"),"") | EN13: =IF(COUNTIF($DG13:$EK13,"ล"),COUNTIF($DG13:$EK13,"ล"),"") | EO13: =IF(COUNTIF($DG13:$EK13,"ข"),COUNTIF($DG13:$EK13,"ข"),"") | FU13: =IF(COUNTIF($EP13:$FT13," /"),COUNTIF($EP13:$FT13," /"),"") | FV13: =IF(COUNTIF($EP13:$FT13,"ป"),COUNTIF($EP13:$FT13,"ป"),"") | FW13: =IF(COUNTIF($EP13:$FT13,"ล"),COUNTIF($EP13:$FT13,"ล"),"") | FX13: =IF(COUNTIF($EP13:$FT13,"ข"),COUNTIF($EP13:$FT13,"ข"),"") | HD13: =IF(COUNTIF($FY13:$HC13," /"),COUNTIF($FY13:$HC13," /"),"") | HE13: =IF(COUNTIF($FY13:$HC13,"ป"),COUNTIF($FY13:$HC13,"ป"),"") | HF13: =IF(COUNTIF($FY13:$HC13,"ล"),COUNTIF($FY13:$HC13,"ล"),"") | HG13: =IF(COUNTIF($FY13:$HC13,"ข"),COUNTIF($FY13:$HC13,"ข"),"") | HH13: =IF(A13="","",SUM(BT13,DC13,EL13,FU13,HD13,#REF!)) | HI13: =IF(A13="","",SUM(BU13,DD13,EM13,FV13,HE13,#REF!)) | HJ13: =IF(A13="","",SUM(BV13,DE13,EN13,FW13,HF13,#REF!)) | HK13: =IF(A13="","",SUM(BW13,DF13,EO13,FX13,HG13,#REF!)) | HL13: =IF(A13="","",SUM(HH13:HK13)) | HN13: =IF(A13="","",SUM(AK13,BT13,DC13,EL13,FU13,HD13)) | HO13: =IF(A13="","",SUM(AL13,BU13,DD13,EM13,FV13,HE13)) | HP13: =IF(A13="","",SUM(AM13,BV13,DE13,EN13,FW13,HF13)) | HQ13: =IF(A13="","",SUM(AN13,BW13,DF13,EO13,FX13,HG13)) | HR13: =IF(A13="","",SUM(HN13,HO13,HP13,HQ13))
A14: =IF('กรอกข้อมูล นร1'!A12,'กรอกข้อมูล นร1'!A12,"") | B14: ='กรอกข้อมูล นร1'!B12&"" | C14: ='กรอกข้อมูล นร1'!D12&"" | D14: =IF('กรอกข้อมูล นร1'!C12="","",'กรอกข้อมูล นร1'!C12) | E14: =IF(A14="","",$E$6) | AK14: =IF(COUNTIF(F14:AJ14," /"),COUNTIF(F14:AJ14," /"),"") | AL14: =IF(COUNTIF(F14:AJ14,"ป"),COUNTIF(F14:AJ14,"ป"),"") | AM14: =IF(COUNTIF(F14:AJ14,"ล"),COUNTIF(F14:AJ14,"ล"),"") | AN14: =IF(COUNTIF(F14:AJ14,"ข"),COUNTIF(F14:AJ14,"ข"),"") | BT14: =IF(COUNTIF(AO14:BS14," /"),COUNTIF(AO14:BS14," /"),"") | BU14: =IF(COUNTIF(AO14:BS14," ป"),COUNTIF(AO14:BS14," ป"),"") | BV14: =IF(COUNTIF(AO14:BS14," ล"),COUNTIF(AO14:BS14," ล"),"") | BW14: =IF(COUNTIF(AO14:BS14," ข"),COUNTIF(AO14:BS14," ข"),"") | DC14: =IF(COUNTIF($BX14:$DB14," /"),COUNTIF($BX14:$DB14," /"),"") | DD14: =IF(COUNTIF($BX14:$DB14,"ป"),COUNTIF($BY14:$DB14,"ป"),"") | DE14: =IF(COUNTIF($BX14:$DB14,"ล"),COUNTIF($BY14:$DB14,"ล"),"") | DF14: =IF(COUNTIF($BX14:$DB14,"ข"),COUNTIF($BY14:$DB14,"ข"),"") | EL14: =IF(COUNTIF($DG14:$EK14," /"),COUNTIF($DG14:$EK14," /"),"") | EM14: =IF(COUNTIF($DG14:$EK14,"ป"),COUNTIF($DG14:$EK14,"ป"),"") | EN14: =IF(COUNTIF($DG14:$EK14,"ล"),COUNTIF($DG14:$EK14,"ล"),"") | EO14: =IF(COUNTIF($DG14:$EK14,"ข"),COUNTIF($DG14:$EK14,"ข"),"") | FU14: =IF(COUNTIF($EP14:$FT14," /"),COUNTIF($EP14:$FT14," /"),"") | FV14: =IF(COUNTIF($EP14:$FT14,"ป"),COUNTIF($EP14:$FT14,"ป"),"") | FW14: =IF(COUNTIF($EP14:$FT14,"ล"),COUNTIF($EP14:$FT14,"ล"),"") | FX14: =IF(COUNTIF($EP14:$FT14,"ข"),COUNTIF($EP14:$FT14,"ข"),"") | HD14: =IF(COUNTIF($FY14:$HC14," /"),COUNTIF($FY14:$HC14," /"),"") | HE14: =IF(COUNTIF($FY14:$HC14,"ป"),COUNTIF($FY14:$HC14,"ป"),"") | HF14: =IF(COUNTIF($FY14:$HC14,"ล"),COUNTIF($FY14:$HC14,"ล"),"") | HG14: =IF(COUNTIF($FY14:$HC14,"ข"),COUNTIF($FY14:$HC14,"ข"),"") | HH14: =IF(A14="","",SUM(BT14,DC14,EL14,FU14,HD14,#REF!)) | HI14: =IF(A14="","",SUM(BU14,DD14,EM14,FV14,HE14,#REF!)) | HJ14: =IF(A14="","",SUM(BV14,DE14,EN14,FW14,HF14,#REF!)) | HK14: =IF(A14="","",SUM(BW14,DF14,EO14,FX14,HG14,#REF!)) | HL14: =IF(A14="","",SUM(HH14:HK14)) | HN14: =IF(A14="","",SUM(AK14,BT14,DC14,EL14,FU14,HD14)) | HO14: =IF(A14="","",SUM(AL14,BU14,DD14,EM14,FV14,HE14)) | HP14: =IF(A14="","",SUM(AM14,BV14,DE14,EN14,FW14,HF14)) | HQ14: =IF(A14="","",SUM(AN14,BW14,DF14,EO14,FX14,HG14)) | HR14: =IF(A14="","",SUM(HN14,HO14,HP14,HQ14))
A15: =IF('กรอกข้อมูล นร1'!A13,'กรอกข้อมูล นร1'!A13,"") | B15: ='กรอกข้อมูล นร1'!B13&"" | C15: ='กรอกข้อมูล นร1'!D13&"" | D15: =IF('กรอกข้อมูล นร1'!C13="","",'กรอกข้อมูล นร1'!C13) | E15: =IF(A15="","",$E$6) | AK15: =IF(COUNTIF(F15:AJ15," /"),COUNTIF(F15:AJ15," /"),"") | AL15: =IF(COUNTIF(F15:AJ15,"ป"),COUNTIF(F15:AJ15,"ป"),"") | AM15: =IF(COUNTIF(F15:AJ15,"ล"),COUNTIF(F15:AJ15,"ล"),"") | AN15: =IF(COUNTIF(F15:AJ15,"ข"),COUNTIF(F15:AJ15,"ข"),"") | BT15: =IF(COUNTIF(AO15:BS15," /"),COUNTIF(AO15:BS15," /"),"") | BU15: =IF(COUNTIF(AO15:BS15," ป"),COUNTIF(AO15:BS15," ป"),"") | BV15: =IF(COUNTIF(AO15:BS15," ล"),COUNTIF(AO15:BS15," ล"),"") | BW15: =IF(COUNTIF(AO15:BS15," ข"),COUNTIF(AO15:BS15," ข"),"") | DC15: =IF(COUNTIF($BX15:$DB15," /"),COUNTIF($BX15:$DB15," /"),"") | DD15: =IF(COUNTIF($BX15:$DB15,"ป"),COUNTIF($BY15:$DB15,"ป"),"") | DE15: =IF(COUNTIF($BX15:$DB15,"ล"),COUNTIF($BY15:$DB15,"ล"),"") | DF15: =IF(COUNTIF($BX15:$DB15,"ข"),COUNTIF($BY15:$DB15,"ข"),"") | EL15: =IF(COUNTIF($DG15:$EK15," /"),COUNTIF($DG15:$EK15," /"),"") | EM15: =IF(COUNTIF($DG15:$EK15,"ป"),COUNTIF($DG15:$EK15,"ป"),"") | EN15: =IF(COUNTIF($DG15:$EK15,"ล"),COUNTIF($DG15:$EK15,"ล"),"") | EO15: =IF(COUNTIF($DG15:$EK15,"ข"),COUNTIF($DG15:$EK15,"ข"),"") | FU15: =IF(COUNTIF($EP15:$FT15," /"),COUNTIF($EP15:$FT15," /"),"") | FV15: =IF(COUNTIF($EP15:$FT15,"ป"),COUNTIF($EP15:$FT15,"ป"),"") | FW15: =IF(COUNTIF($EP15:$FT15,"ล"),COUNTIF($EP15:$FT15,"ล"),"") | FX15: =IF(COUNTIF($EP15:$FT15,"ข"),COUNTIF($EP15:$FT15,"ข"),"") | HD15: =IF(COUNTIF($FY15:$HC15," /"),COUNTIF($FY15:$HC15," /"),"") | HE15: =IF(COUNTIF($FY15:$HC15,"ป"),COUNTIF($FY15:$HC15,"ป"),"") | HF15: =IF(COUNTIF($FY15:$HC15,"ล"),COUNTIF($FY15:$HC15,"ล"),"") | HG15: =IF(COUNTIF($FY15:$HC15,"ข"),COUNTIF($FY15:$HC15,"ข"),"") | HH15: =IF(A15="","",SUM(BT15,DC15,EL15,FU15,HD15,#REF!)) | HI15: =IF(A15="","",SUM(BU15,DD15,EM15,FV15,HE15,#REF!)) | HJ15: =IF(A15="","",SUM(BV15,DE15,EN15,FW15,HF15,#REF!)) | HK15: =IF(A15="","",SUM(BW15,DF15,EO15,FX15,HG15,#REF!)) | HL15: =IF(A15="","",SUM(HH15:HK15)) | HN15: =IF(A15="","",SUM(AK15,BT15,DC15,EL15,FU15,HD15)) | HO15: =IF(A15="","",SUM(AL15,BU15,DD15,EM15,FV15,HE15)) | HP15: =IF(A15="","",SUM(AM15,BV15,DE15,EN15,FW15,HF15)) | HQ15: =IF(A15="","",SUM(AN15,BW15,DF15,EO15,FX15,HG15)) | HR15: =IF(A15="","",SUM(HN15,HO15,HP15,HQ15))
A16: =IF('กรอกข้อมูล นร1'!A14,'กรอกข้อมูล นร1'!A14,"") | B16: ='กรอกข้อมูล นร1'!B14&"" | C16: ='กรอกข้อมูล นร1'!D14&"" | D16: =IF('กรอกข้อมูล นร1'!C14="","",'กรอกข้อมูล นร1'!C14) | E16: =IF(A16="","",$E$6) | AK16: =IF(COUNTIF(F16:AJ16," /"),COUNTIF(F16:AJ16," /"),"") | AL16: =IF(COUNTIF(F16:AJ16,"ป"),COUNTIF(F16:AJ16,"ป"),"") | AM16: =IF(COUNTIF(F16:AJ16,"ล"),COUNTIF(F16:AJ16,"ล"),"") | AN16: =IF(COUNTIF(F16:AJ16,"ข"),COUNTIF(F16:AJ16,"ข"),"") | BT16: =IF(COUNTIF(AO16:BS16," /"),COUNTIF(AO16:BS16," /"),"") | BU16: =IF(COUNTIF(AO16:BS16," ป"),COUNTIF(AO16:BS16," ป"),"") | BV16: =IF(COUNTIF(AO16:BS16," ล"),COUNTIF(AO16:BS16," ล"),"") | BW16: =IF(COUNTIF(AO16:BS16," ข"),COUNTIF(AO16:BS16," ข"),"") | DC16: =IF(COUNTIF($BX16:$DB16," /"),COUNTIF($BX16:$DB16," /"),"") | DD16: =IF(COUNTIF($BX16:$DB16,"ป"),COUNTIF($BY16:$DB16,"ป"),"") | DE16: =IF(COUNTIF($BX16:$DB16,"ล"),COUNTIF($BY16:$DB16,"ล"),"") | DF16: =IF(COUNTIF($BX16:$DB16,"ข"),COUNTIF($BY16:$DB16,"ข"),"") | EL16: =IF(COUNTIF($DG16:$EK16," /"),COUNTIF($DG16:$EK16," /"),"") | EM16: =IF(COUNTIF($DG16:$EK16,"ป"),COUNTIF($DG16:$EK16,"ป"),"") | EN16: =IF(COUNTIF($DG16:$EK16,"ล"),COUNTIF($DG16:$EK16,"ล"),"") | EO16: =IF(COUNTIF($DG16:$EK16,"ข"),COUNTIF($DG16:$EK16,"ข"),"") | FU16: =IF(COUNTIF($EP16:$FT16," /"),COUNTIF($EP16:$FT16," /"),"") | FV16: =IF(COUNTIF($EP16:$FT16,"ป"),COUNTIF($EP16:$FT16,"ป"),"") | FW16: =IF(COUNTIF($EP16:$FT16,"ล"),COUNTIF($EP16:$FT16,"ล"),"") | FX16: =IF(COUNTIF($EP16:$FT16,"ข"),COUNTIF($EP16:$FT16,"ข"),"") | HD16: =IF(COUNTIF($FY16:$HC16," /"),COUNTIF($FY16:$HC16," /"),"") | HE16: =IF(COUNTIF($FY16:$HC16,"ป"),COUNTIF($FY16:$HC16,"ป"),"") | HF16: =IF(COUNTIF($FY16:$HC16,"ล"),COUNTIF($FY16:$HC16,"ล"),"") | HG16: =IF(COUNTIF($FY16:$HC16,"ข"),COUNTIF($FY16:$HC16,"ข"),"") | HH16: =IF(A16="","",SUM(BT16,DC16,EL16,FU16,HD16,#REF!)) | HI16: =IF(A16="","",SUM(BU16,DD16,EM16,FV16,HE16,#REF!)) | HJ16: =IF(A16="","",SUM(BV16,DE16,EN16,FW16,HF16,#REF!)) | HK16: =IF(A16="","",SUM(BW16,DF16,EO16,FX16,HG16,#REF!)) | HL16: =IF(A16="","",SUM(HH16:HK16)) | HN16: =IF(A16="","",SUM(AK16,BT16,DC16,EL16,FU16,HD16)) | HO16: =IF(A16="","",SUM(AL16,BU16,DD16,EM16,FV16,HE16)) | HP16: =IF(A16="","",SUM(AM16,BV16,DE16,EN16,FW16,HF16)) | HQ16: =IF(A16="","",SUM(AN16,BW16,DF16,EO16,FX16,HG16)) | HR16: =IF(A16="","",SUM(HN16,HO16,HP16,HQ16))
A17: =IF('กรอกข้อมูล นร1'!A15,'กรอกข้อมูล นร1'!A15,"") | B17: ='กรอกข้อมูล นร1'!B15&"" | C17: ='กรอกข้อมูล นร1'!D15&"" | D17: =IF('กรอกข้อมูล นร1'!C15="","",'กรอกข้อมูล นร1'!C15) | E17: =IF(A17="","",$E$6) | AK17: =IF(COUNTIF(F17:AJ17," /"),COUNTIF(F17:AJ17," /"),"") | AL17: =IF(COUNTIF(F17:AJ17,"ป"),COUNTIF(F17:AJ17,"ป"),"") | AM17: =IF(COUNTIF(F17:AJ17,"ล"),COUNTIF(F17:AJ17,"ล"),"") | AN17: =IF(COUNTIF(F17:AJ17,"ข"),COUNTIF(F17:AJ17,"ข"),"") | BT17: =IF(COUNTIF(AO17:BS17," /"),COUNTIF(AO17:BS17," /"),"") | BU17: =IF(COUNTIF(AO17:BS17," ป"),COUNTIF(AO17:BS17," ป"),"") | BV17: =IF(COUNTIF(AO17:BS17," ล"),COUNTIF(AO17:BS17," ล"),"") | BW17: =IF(COUNTIF(AO17:BS17," ข"),COUNTIF(AO17:BS17," ข"),"") | DC17: =IF(COUNTIF($BX17:$DB17," /"),COUNTIF($BX17:$DB17," /"),"") | DD17: =IF(COUNTIF($BX17:$DB17,"ป"),COUNTIF($BY17:$DB17,"ป"),"") | DE17: =IF(COUNTIF($BX17:$DB17,"ล"),COUNTIF($BY17:$DB17,"ล"),"") | DF17: =IF(COUNTIF($BX17:$DB17,"ข"),COUNTIF($BY17:$DB17,"ข"),"") | EL17: =IF(COUNTIF($DG17:$EK17," /"),COUNTIF($DG17:$EK17," /"),"") | EM17: =IF(COUNTIF($DG17:$EK17,"ป"),COUNTIF($DG17:$EK17,"ป"),"") | EN17: =IF(COUNTIF($DG17:$EK17,"ล"),COUNTIF($DG17:$EK17,"ล"),"") | EO17: =IF(COUNTIF($DG17:$EK17,"ข"),COUNTIF($DG17:$EK17,"ข"),"") | FU17: =IF(COUNTIF($EP17:$FT17," /"),COUNTIF($EP17:$FT17," /"),"") | FV17: =IF(COUNTIF($EP17:$FT17,"ป"),COUNTIF($EP17:$FT17,"ป"),"") | FW17: =IF(COUNTIF($EP17:$FT17,"ล"),COUNTIF($EP17:$FT17,"ล"),"") | FX17: =IF(COUNTIF($EP17:$FT17,"ข"),COUNTIF($EP17:$FT17,"ข"),"") | HD17: =IF(COUNTIF($FY17:$HC17," /"),COUNTIF($FY17:$HC17," /"),"") | HE17: =IF(COUNTIF($FY17:$HC17,"ป"),COUNTIF($FY17:$HC17,"ป"),"") | HF17: =IF(COUNTIF($FY17:$HC17,"ล"),COUNTIF($FY17:$HC17,"ล"),"") | HG17: =IF(COUNTIF($FY17:$HC17,"ข"),COUNTIF($FY17:$HC17,"ข"),"") | HH17: =IF(A17="","",SUM(BT17,DC17,EL17,FU17,HD17,#REF!)) | HI17: =IF(A17="","",SUM(BU17,DD17,EM17,FV17,HE17,#REF!)) | HJ17: =IF(A17="","",SUM(BV17,DE17,EN17,FW17,HF17,#REF!)) | HK17: =IF(A17="","",SUM(BW17,DF17,EO17,FX17,HG17,#REF!)) | HL17: =IF(A17="","",SUM(HH17:HK17)) | HN17: =IF(A17="","",SUM(AK17,BT17,DC17,EL17,FU17,HD17)) | HO17: =IF(A17="","",SUM(AL17,BU17,DD17,EM17,FV17,HE17)) | HP17: =IF(A17="","",SUM(AM17,BV17,DE17,EN17,FW17,HF17)) | HQ17: =IF(A17="","",SUM(AN17,BW17,DF17,EO17,FX17,HG17)) | HR17: =IF(A17="","",SUM(HN17,HO17,HP17,HQ17))
A18: =IF('กรอกข้อมูล นร1'!A16,'กรอกข้อมูล นร1'!A16,"") | B18: ='กรอกข้อมูล นร1'!B16&"" | C18: ='กรอกข้อมูล นร1'!D16&"" | D18: =IF('กรอกข้อมูล นร1'!C16="","",'กรอกข้อมูล นร1'!C16) | E18: =IF(A18="","",$E$6) | AK18: =IF(COUNTIF(F18:AJ18," /"),COUNTIF(F18:AJ18," /"),"") | AL18: =IF(COUNTIF(F18:AJ18,"ป"),COUNTIF(F18:AJ18,"ป"),"") | AM18: =IF(COUNTIF(F18:AJ18,"ล"),COUNTIF(F18:AJ18,"ล"),"") | AN18: =IF(COUNTIF(F18:AJ18,"ข"),COUNTIF(F18:AJ18,"ข"),"") | BT18: =IF(COUNTIF(AO18:BS18," /"),COUNTIF(AO18:BS18," /"),"") | BU18: =IF(COUNTIF(AO18:BS18," ป"),COUNTIF(AO18:BS18," ป"),"") | BV18: =IF(COUNTIF(AO18:BS18," ล"),COUNTIF(AO18:BS18," ล"),"") | BW18: =IF(COUNTIF(AO18:BS18," ข"),COUNTIF(AO18:BS18," ข"),"") | DC18: =IF(COUNTIF($BX18:$DB18," /"),COUNTIF($BX18:$DB18," /"),"") | DD18: =IF(COUNTIF($BX18:$DB18,"ป"),COUNTIF($BY18:$DB18,"ป"),"") | DE18: =IF(COUNTIF($BX18:$DB18,"ล"),COUNTIF($BY18:$DB18,"ล"),"") | DF18: =IF(COUNTIF($BX18:$DB18,"ข"),COUNTIF($BY18:$DB18,"ข"),"") | EL18: =IF(COUNTIF($DG18:$EK18," /"),COUNTIF($DG18:$EK18," /"),"") | EM18: =IF(COUNTIF($DG18:$EK18,"ป"),COUNTIF($DG18:$EK18,"ป"),"") | EN18: =IF(COUNTIF($DG18:$EK18,"ล"),COUNTIF($DG18:$EK18,"ล"),"") | EO18: =IF(COUNTIF($DG18:$EK18,"ข"),COUNTIF($DG18:$EK18,"ข"),"") | FU18: =IF(COUNTIF($EP18:$FT18," /"),COUNTIF($EP18:$FT18," /"),"") | FV18: =IF(COUNTIF($EP18:$FT18,"ป"),COUNTIF($EP18:$FT18,"ป"),"") | FW18: =IF(COUNTIF($EP18:$FT18,"ล"),COUNTIF($EP18:$FT18,"ล"),"") | FX18: =IF(COUNTIF($EP18:$FT18,"ข"),COUNTIF($EP18:$FT18,"ข"),"") | HD18: =IF(COUNTIF($FY18:$HC18," /"),COUNTIF($FY18:$HC18," /"),"") | HE18: =IF(COUNTIF($FY18:$HC18,"ป"),COUNTIF($FY18:$HC18,"ป"),"") | HF18: =IF(COUNTIF($FY18:$HC18,"ล"),COUNTIF($FY18:$HC18,"ล"),"") | HG18: =IF(COUNTIF($FY18:$HC18,"ข"),COUNTIF($FY18:$HC18,"ข"),"") | HH18: =IF(A18="","",SUM(BT18,DC18,EL18,FU18,HD18,#REF!)) | HI18: =IF(A18="","",SUM(BU18,DD18,EM18,FV18,HE18,#REF!)) | HJ18: =IF(A18="","",SUM(BV18,DE18,EN18,FW18,HF18,#REF!)) | HK18: =IF(A18="","",SUM(BW18,DF18,EO18,FX18,HG18,#REF!)) | HL18: =IF(A18="","",SUM(HH18:HK18)) | HN18: =IF(A18="","",SUM(AK18,BT18,DC18,EL18,FU18,HD18)) | HO18: =IF(A18="","",SUM(AL18,BU18,DD18,EM18,FV18,HE18)) | HP18: =IF(A18="","",SUM(AM18,BV18,DE18,EN18,FW18,HF18)) | HQ18: =IF(A18="","",SUM(AN18,BW18,DF18,EO18,FX18,HG18)) | HR18: =IF(A18="","",SUM(HN18,HO18,HP18,HQ18))
A19: =IF('กรอกข้อมูล นร1'!A17,'กรอกข้อมูล นร1'!A17,"") | B19: ='กรอกข้อมูล นร1'!B17&"" | C19: ='กรอกข้อมูล นร1'!D17&"" | D19: =IF('กรอกข้อมูล นร1'!C17="","",'กรอกข้อมูล นร1'!C17) | E19: =IF(A19="","",$E$6) | AK19: =IF(COUNTIF(F19:AJ19," /"),COUNTIF(F19:AJ19," /"),"") | AL19: =IF(COUNTIF(F19:AJ19,"ป"),COUNTIF(F19:AJ19,"ป"),"") | AM19: =IF(COUNTIF(F19:AJ19,"ล"),COUNTIF(F19:AJ19,"ล"),"") | AN19: =IF(COUNTIF(F19:AJ19,"ข"),COUNTIF(F19:AJ19,"ข"),"") | BT19: =IF(COUNTIF(AO19:BS19," /"),COUNTIF(AO19:BS19," /"),"") | BU19: =IF(COUNTIF(AO19:BS19," ป"),COUNTIF(AO19:BS19," ป"),"") | BV19: =IF(COUNTIF(AO19:BS19," ล"),COUNTIF(AO19:BS19," ล"),"") | BW19: =IF(COUNTIF(AO19:BS19," ข"),COUNTIF(AO19:BS19," ข"),"") | DC19: =IF(COUNTIF($BX19:$DB19," /"),COUNTIF($BX19:$DB19," /"),"") | DD19: =IF(COUNTIF($BX19:$DB19,"ป"),COUNTIF($BY19:$DB19,"ป"),"") | DE19: =IF(COUNTIF($BX19:$DB19,"ล"),COUNTIF($BY19:$DB19,"ล"),"") | DF19: =IF(COUNTIF($BX19:$DB19,"ข"),COUNTIF($BY19:$DB19,"ข"),"") | EL19: =IF(COUNTIF($DG19:$EK19," /"),COUNTIF($DG19:$EK19," /"),"") | EM19: =IF(COUNTIF($DG19:$EK19,"ป"),COUNTIF($DG19:$EK19,"ป"),"") | EN19: =IF(COUNTIF($DG19:$EK19,"ล"),COUNTIF($DG19:$EK19,"ล"),"") | EO19: =IF(COUNTIF($DG19:$EK19,"ข"),COUNTIF($DG19:$EK19,"ข"),"") | FU19: =IF(COUNTIF($EP19:$FT19," /"),COUNTIF($EP19:$FT19," /"),"") | FV19: =IF(COUNTIF($EP19:$FT19,"ป"),COUNTIF($EP19:$FT19,"ป"),"") | FW19: =IF(COUNTIF($EP19:$FT19,"ล"),COUNTIF($EP19:$FT19,"ล"),"") | FX19: =IF(COUNTIF($EP19:$FT19,"ข"),COUNTIF($EP19:$FT19,"ข"),"") | HD19: =IF(COUNTIF($FY19:$HC19," /"),COUNTIF($FY19:$HC19," /"),"") | HE19: =IF(COUNTIF($FY19:$HC19,"ป"),COUNTIF($FY19:$HC19,"ป"),"") | HF19: =IF(COUNTIF($FY19:$HC19,"ล"),COUNTIF($FY19:$HC19,"ล"),"") | HG19: =IF(COUNTIF($FY19:$HC19,"ข"),COUNTIF($FY19:$HC19,"ข"),"") | HH19: =IF(A19="","",SUM(BT19,DC19,EL19,FU19,HD19,#REF!)) | HI19: =IF(A19="","",SUM(BU19,DD19,EM19,FV19,HE19,#REF!)) | HJ19: =IF(A19="","",SUM(BV19,DE19,EN19,FW19,HF19,#REF!)) | HK19: =IF(A19="","",SUM(BW19,DF19,EO19,FX19,HG19,#REF!)) | HL19: =IF(A19="","",SUM(HH19:HK19)) | HN19: =IF(A19="","",SUM(AK19,BT19,DC19,EL19,FU19,HD19)) | HO19: =IF(A19="","",SUM(AL19,BU19,DD19,EM19,FV19,HE19)) | HP19: =IF(A19="","",SUM(AM19,BV19,DE19,EN19,FW19,HF19)) | HQ19: =IF(A19="","",SUM(AN19,BW19,DF19,EO19,FX19,HG19)) | HR19: =IF(A19="","",SUM(HN19,HO19,HP19,HQ19))
... A56: =IF('กรอกข้อมูล นร1'!A54,'กรอกข้อมูล นร1'!A54,"") | B56: ='กรอกข้อมูล นร1'!B54&"" | C56: ='กรอกข้อมูล นร1'!D54&"" | D56: =IF('กรอกข้อมูล นร1'!C54="","",'กรอกข้อมูล นร1'!C54) | E56: =IF(A56="","",$E$6) | AK56: =IF(COUNTIF(F56:AJ56," /"),COUNTIF(F56:AJ56," /"),"") | AL56: =IF(COUNTIF(F56:AJ56,"ป"),COUNTIF(F56:AJ56,"ป"),"") | AM56: =IF(COUNTIF(F56:AJ56,"ล"),COUNTIF(F56:AJ56,"ล"),"") | AN56: =IF(COUNTIF(F56:AJ56,"ข"),COUNTIF(F56:AJ56,"ข"),"") | BT56: =IF(COUNTIF(AO56:BS56," /"),COUNTIF(AO56:BS56," /"),"") | BU56: =IF(COUNTIF(AO56:BS56," ป"),COUNTIF(AO56:BS56," ป"),"") | BV56: =IF(COUNTIF(AO56:BS56," ล"),COUNTIF(AO56:BS56," ล"),"") | BW56: =IF(COUNTIF(AO56:BS56," ข"),COUNTIF(AO56:BS56," ข"),"") | DC56: =IF(COUNTIF($BX56:$DB56," /"),COUNTIF($BX56:$DB56," /"),"") | DD56: =IF(COUNTIF($BX56:$DB56,"ป"),COUNTIF($BY56:$DB56,"ป"),"") | DE56: =IF(COUNTIF($BX56:$DB56,"ล"),COUNTIF($BY56:$DB56,"ล"),"") | DF56: =IF(COUNTIF($BX56:$DB56,"ข"),COUNTIF($BY56:$DB56,"ข"),"") | EL56: =IF(COUNTIF($DG56:$EK56," /"),COUNTIF($DG56:$EK56," /"),"") | EM56: =IF(COUNTIF($DG56:$EK56,"ป"),COUNTIF($DG56:$EK56,"ป"),"") | EN56: =IF(COUNTIF($DG56:$EK56,"ล"),COUNTIF($DG56:$EK56,"ล"),"") | EO56: =IF(COUNTIF($DG56:$EK56,"ข"),COUNTIF($DG56:$EK56,"ข"),"") | FU56: =IF(COUNTIF($EP56:$FT56," /"),COUNTIF($EP56:$FT56," /"),"") | FV56: =IF(COUNTIF($EP56:$FT56,"ป"),COUNTIF($EP56:$FT56,"ป"),"") | FW56: =IF(COUNTIF($EP56:$FT56,"ล"),COUNTIF($EP56:$FT56,"ล"),"") | FX56: =IF(COUNTIF($EP56:$FT56,"ข"),COUNTIF($EP56:$FT56,"ข"),"") | HD56: =IF(COUNTIF($FY56:$HC56," /"),COUNTIF($FY56:$HC56," /"),"") | HE56: =IF(COUNTIF($FY56:$HC56,"ป"),COUNTIF($FY56:$HC56,"ป"),"") | HF56: =IF(COUNTIF($FY56:$HC56,"ล"),COUNTIF($FY56:$HC56,"ล"),"") | HG56: =IF(COUNTIF($FY56:$HC56,"ข"),COUNTIF($FY56:$HC56,"ข"),"") | HH56: =IF(A56="","",SUM(BT56,DC56,EL56,FU56,HD56,#REF!)) | HI56: =IF(A56="","",SUM(BU56,DD56,EM56,FV56,HE56,#REF!)) | HJ56: =IF(A56="","",SUM(BV56,DE56,EN56,FW56,HF56,#REF!)) | HK56: =IF(A56="","",SUM(BW56,DF56,EO56,FX56,HG56,#REF!)) | HL56: =IF(A56="","",SUM(HH56:HK56)) | HN56: =IF(A56="","",SUM(AK56,BT56,DC56,EL56,FU56,HD56)) | HO56: =IF(A56="","",SUM(AL56,BU56,DD56,EM56,FV56,HE56)) | HP56: =IF(A56="","",SUM(AM56,BV56,DE56,EN56,FW56,HF56)) | HQ56: =IF(A56="","",SUM(AN56,BW56,DF56,EO56,FX56,HG56)) | HR56: =IF(A56="","",SUM(HN56,HO56,HP56,HQ56))

Sheet สรุปเวลาเรียน
A1: สรุปเวลาเรียน
F2: ='หน้าปก ปพ.5'!A6 -> ระดับชั้นประถมศึกษาปีที่ ปีการศึกษา 2565
A3: เลขที่ | F3: เวลาเรียน ภาคเรียนที่ 1 | L3: เวลาเรียน ภาคเรียนที่ 2 | R3: รวมเวลาเรียนทั้งปี | X3: หมายเหตุ
C4: ชื่อ - ชื่อสกุล | F4: เต็ม | G4: มา | H4: ป่วย | I4: ลา | J4: ขาด | K4: ร้อยละ | L4: เต็ม | M4: มา | N4: ป่วย | O4: ลา | P4: ขาด | Q4: ร้อยละ | R4: เต็ม | S4: มา | T4: ป่วย | U4: ลา | V4: ขาด | W4: ร้อยละ
A5: ='กรอกข้อมูล นร1'!A5&"" -> 1 | F5: =เวลาเรียน1!E7 -> 100 | G5: =IF(A5="","",เวลาเรียน1!GS7) -> 100 | H5: =IF(A5="","",เวลาเรียน1!GT7) -> 0 | I5: =IF(A5="","",เวลาเรียน1!GU7) -> 0 | J5: =IF(A5="","",เวลาเรียน1!GV7) -> 0 | K5: =IF(A5="","",G5*100/F5) -> 100 | L5: =เวลาเรียน2!E7 -> 100 | M5: =IF($A5="","",เวลาเรียน2!HN7) -> 0 | N5: =IF($A5="","",เวลาเรียน2!HO7) -> 0 | O5: =IF($A5="","",เวลาเรียน2!HP7) -> 0 | P5: =IF($A5="","",เวลาเรียน2!HQ7) -> 0 | Q5: =IF($A5="","",M5*100/L5) -> 0 | R5: =IF(SUM(F5,L5),SUM(F5,L5),"") -> 200 | S5: =IF(A5="","",SUM(G5,M5)) -> 100 | T5: =IF(A5="","",SUM(H5,N5)) -> 0 | U5: =IF(A5="","",SUM(I5,O5)) -> 0 | V5: =IF(A5="","",SUM(J5,P5)) -> 0 | W5: =IF(A5="","",IF(X5="ย้าย","-",S5*100/R5)) -> 50 | X5: =IF('กรอกข้อมูล นร1'!E5="ย้าย",'กรอกข้อมูล นร1'!E5,"")
A6: ='กรอกข้อมูล นร1'!A6&"" | F6: =เวลาเรียน1!E8 | G6: =IF(A6="","",เวลาเรียน1!GS8) | H6: =IF(A6="","",เวลาเรียน1!GT8) | I6: =IF(A6="","",เวลาเรียน1!GU8) | J6: =IF(A6="","",เวลาเรียน1!GV8) | K6: =IF(A6="","",G6*100/F6) | L6: =เวลาเรียน2!E8 | M6: =IF($A6="","",เวลาเรียน2!HN8) | N6: =IF($A6="","",เวลาเรียน2!HO8) | O6: =IF($A6="","",เวลาเรียน2!HP8) | P6: =IF($A6="","",เวลาเรียน2!HQ8) | Q6: =IF($A6="","",M6*100/L6) | R6: =IF(SUM(F6,L6),SUM(F6,L6),"") | S6: =IF(A6="","",SUM(G6,M6)) | T6: =IF(A6="","",SUM(H6,N6)) | U6: =IF(A6="","",SUM(I6,O6)) | V6: =IF(A6="","",SUM(J6,P6)) | W6: =IF(A6="","",IF(X6="ย้าย","-",S6*100/R6)) | X6: =IF('กรอกข้อมูล นร1'!E6="ย้าย",'กรอกข้อมูล นร1'!E6,"")
A7: ='กรอกข้อมูล นร1'!A7&"" | F7: =เวลาเรียน1!E9 | G7: =IF(A7="","",เวลาเรียน1!GS9) | H7: =IF(A7="","",เวลาเรียน1!GT9) | I7: =IF(A7="","",เวลาเรียน1!GU9) | J7: =IF(A7="","",เวลาเรียน1!GV9) | K7: =IF(A7="","",G7*100/F7) | L7: =เวลาเรียน2!E9 | M7: =IF($A7="","",เวลาเรียน2!HN9) | N7: =IF($A7="","",เวลาเรียน2!HO9) | O7: =IF($A7="","",เวลาเรียน2!HP9) | P7: =IF($A7="","",เวลาเรียน2!HQ9) | Q7: =IF($A7="","",M7*100/L7) | R7: =IF(SUM(F7,L7),SUM(F7,L7),"") | S7: =IF(A7="","",SUM(G7,M7)) | T7: =IF(A7="","",SUM(H7,N7)) | U7: =IF(A7="","",SUM(I7,O7)) | V7: =IF(A7="","",SUM(J7,P7)) | W7: =IF(A7="","",IF(X7="ย้าย","-",S7*100/R7)) | X7: =IF('กรอกข้อมูล นร1'!E7="ย้าย",'กรอกข้อมูล นร1'!E7,"")
A8: ='กรอกข้อมูล นร1'!A8&"" | F8: =เวลาเรียน1!E10 | G8: =IF(A8="","",เวลาเรียน1!GS10) | H8: =IF(A8="","",เวลาเรียน1!GT10) | I8: =IF(A8="","",เวลาเรียน1!GU10) | J8: =IF(A8="","",เวลาเรียน1!GV10) | K8: =IF(A8="","",G8*100/F8) | L8: =เวลาเรียน2!E10 | M8: =IF($A8="","",เวลาเรียน2!HN10) | N8: =IF($A8="","",เวลาเรียน2!HO10) | O8: =IF($A8="","",เวลาเรียน2!HP10) | P8: =IF($A8="","",เวลาเรียน2!HQ10) | Q8: =IF($A8="","",M8*100/L8) | R8: =IF(SUM(F8,L8),SUM(F8,L8),"") | S8: =IF(A8="","",SUM(G8,M8)) | T8: =IF(A8="","",SUM(H8,N8)) | U8: =IF(A8="","",SUM(I8,O8)) | V8: =IF(A8="","",SUM(J8,P8)) | W8: =IF(A8="","",IF(X8="ย้าย","-",S8*100/R8)) | X8: =IF('กรอกข้อมูล นร1'!E8="ย้าย",'กรอกข้อมูล นร1'!E8,"")
A9: ='กรอกข้อมูล นร1'!A9&"" | F9: =เวลาเรียน1!E11 | G9: =IF(A9="","",เวลาเรียน1!GS11) | H9: =IF(A9="","",เวลาเรียน1!GT11) | I9: =IF(A9="","",เวลาเรียน1!GU11) | J9: =IF(A9="","",เวลาเรียน1!GV11) | K9: =IF(A9="","",G9*100/F9) | L9: =เวลาเรียน2!E11 | M9: =IF($A9="","",เวลาเรียน2!HN11) | N9: =IF($A9="","",เวลาเรียน2!HO11) | O9: =IF($A9="","",เวลาเรียน2!HP11) | P9: =IF($A9="","",เวลาเรียน2!HQ11) | Q9: =IF($A9="","",M9*100/L9) | R9: =IF(SUM(F9,L9),SUM(F9,L9),"") | S9: =IF(A9="","",SUM(G9,M9)) | T9: =IF(A9="","",SUM(H9,N9)) | U9: =IF(A9="","",SUM(I9,O9)) | V9: =IF(A9="","",SUM(J9,P9)) | W9: =IF(A9="","",IF(X9="ย้าย","-",S9*100/R9)) | X9: =IF('กรอกข้อมูล นร1'!E9="ย้าย",'กรอกข้อมูล นร1'!E9,"")
A10: ='กรอกข้อมูล นร1'!A10&"" | F10: =เวลาเรียน1!E12 | G10: =IF(A10="","",เวลาเรียน1!GS12) | H10: =IF(A10="","",เวลาเรียน1!GT12) | I10: =IF(A10="","",เวลาเรียน1!GU12) | J10: =IF(A10="","",เวลาเรียน1!GV12) | K10: =IF(A10="","",G10*100/F10) | L10: =เวลาเรียน2!E12 | M10: =IF($A10="","",เวลาเรียน2!HN12) | N10: =IF($A10="","",เวลาเรียน2!HO12) | O10: =IF($A10="","",เวลาเรียน2!HP12) | P10: =IF($A10="","",เวลาเรียน2!HQ12) | Q10: =IF($A10="","",M10*100/L10) | R10: =IF(SUM(F10,L10),SUM(F10,L10),"") | S10: =IF(A10="","",SUM(G10,M10)) | T10: =IF(A10="","",SUM(H10,N10)) | U10: =IF(A10="","",SUM(I10,O10)) | V10: =IF(A10="","",SUM(J10,P10)) | W10: =IF(A10="","",IF(X10="ย้าย","-",S10*100/R10)) | X10: =IF('กรอกข้อมูล นร1'!E10="ย้าย",'กรอกข้อมูล นร1'!E10,"")
A11: ='กรอกข้อมูล นร1'!A11&"" | F11: =เวลาเรียน1!E13 | G11: =IF(A11="","",เวลาเรียน1!GS13) | H11: =IF(A11="","",เวลาเรียน1!GT13) | I11: =IF(A11="","",เวลาเรียน1!GU13) | J11: =IF(A11="","",เวลาเรียน1!GV13) | K11: =IF(A11="","",G11*100/F11) | L11: =เวลาเรียน2!E13 | M11: =IF($A11="","",เวลาเรียน2!HN13) | N11: =IF($A11="","",เวลาเรียน2!HO13) | O11: =IF($A11="","",เวลาเรียน2!HP13) | P11: =IF($A11="","",เวลาเรียน2!HQ13) | Q11: =IF($A11="","",M11*100/L11) | R11: =IF(SUM(F11,L11),SUM(F11,L11),"") | S11: =IF(A11="","",SUM(G11,M11)) | T11: =IF(A11="","",SUM(H11,N11)) | U11: =IF(A11="","",SUM(I11,O11)) | V11: =IF(A11="","",SUM(J11,P11)) | W11: =IF(A11="","",IF(X11="ย้าย","-",S11*100/R11)) | X11: =IF('กรอกข้อมูล นร1'!E11="ย้าย",'กรอกข้อมูล นร1'!E11,"")
A12: ='กรอกข้อมูล นร1'!A12&"" | F12: =เวลาเรียน1!E14 | G12: =IF(A12="","",เวลาเรียน1!GS14) | H12: =IF(A12="","",เวลาเรียน1!GT14) | I12: =IF(A12="","",เวลาเรียน1!GU14) | J12: =IF(A12="","",เวลาเรียน1!GV14) | K12: =IF(A12="","",G12*100/F12) | L12: =เวลาเรียน2!E14 | M12: =IF($A12="","",เวลาเรียน2!HN14) | N12: =IF($A12="","",เวลาเรียน2!HO14) | O12: =IF($A12="","",เวลาเรียน2!HP14) | P12: =IF($A12="","",เวลาเรียน2!HQ14) | Q12: =IF($A12="","",M12*100/L12) | R12: =IF(SUM(F12,L12),SUM(F12,L12),"") | S12: =IF(A12="","",SUM(G12,M12)) | T12: =IF(A12="","",SUM(H12,N12)) | U12: =IF(A12="","",SUM(I12,O12)) | V12: =IF(A12="","",SUM(J12,P12)) | W12: =IF(A12="","",IF(X12="ย้าย","-",S12*100/R12)) | X12: =IF('กรอกข้อมูล นร1'!E12="ย้าย",'กรอกข้อมูล นร1'!E12,"")
A13: ='กรอกข้อมูล นร1'!A13&"" | F13: =เวลาเรียน1!E15 | G13: =IF(A13="","",เวลาเรียน1!GS15) | H13: =IF(A13="","",เวลาเรียน1!GT15) | I13: =IF(A13="","",เวลาเรียน1!GU15) | J13: =IF(A13="","",เวลาเรียน1!GV15) | K13: =IF(A13="","",G13*100/F13) | L13: =เวลาเรียน2!E15 | M13: =IF($A13="","",เวลาเรียน2!HN15) | N13: =IF($A13="","",เวลาเรียน2!HO15) | O13: =IF($A13="","",เวลาเรียน2!HP15) | P13: =IF($A13="","",เวลาเรียน2!HQ15) | Q13: =IF($A13="","",M13*100/L13) | R13: =IF(SUM(F13,L13),SUM(F13,L13),"") | S13: =IF(A13="","",SUM(G13,M13)) | T13: =IF(A13="","",SUM(H13,N13)) | U13: =IF(A13="","",SUM(I13,O13)) | V13: =IF(A13="","",SUM(J13,P13)) | W13: =IF(A13="","",IF(X13="ย้าย","-",S13*100/R13)) | X13: =IF('กรอกข้อมูล นร1'!E13="ย้าย",'กรอกข้อมูล นร1'!E13,"")
A14: ='กรอกข้อมูล นร1'!A14&"" | F14: =เวลาเรียน1!E16 | G14: =IF(A14="","",เวลาเรียน1!GS16) | H14: =IF(A14="","",เวลาเรียน1!GT16) | I14: =IF(A14="","",เวลาเรียน1!GU16) | J14: =IF(A14="","",เวลาเรียน1!GV16) | K14: =IF(A14="","",G14*100/F14) | L14: =เวลาเรียน2!E16 | M14: =IF($A14="","",เวลาเรียน2!HN16) | N14: =IF($A14="","",เวลาเรียน2!HO16) | O14: =IF($A14="","",เวลาเรียน2!HP16) | P14: =IF($A14="","",เวลาเรียน2!HQ16) | Q14: =IF($A14="","",M14*100/L14) | R14: =IF(SUM(F14,L14),SUM(F14,L14),"") | S14: =IF(A14="","",SUM(G14,M14)) | T14: =IF(A14="","",SUM(H14,N14)) | U14: =IF(A14="","",SUM(I14,O14)) | V14: =IF(A14="","",SUM(J14,P14)) | W14: =IF(A14="","",IF(X14="ย้าย","-",S14*100/R14)) | X14: =IF('กรอกข้อมูล นร1'!E14="ย้าย",'กรอกข้อมูล นร1'!E14,"")
A15: ='กรอกข้อมูล นร1'!A15&"" | F15: =เวลาเรียน1!E17 | G15: =IF(A15="","",เวลาเรียน1!GS17) | H15: =IF(A15="","",เวลาเรียน1!GT17) | I15: =IF(A15="","",เวลาเรียน1!GU17) | J15: =IF(A15="","",เวลาเรียน1!GV17) | K15: =IF(A15="","",G15*100/F15) | L15: =เวลาเรียน2!E17 | M15: =IF($A15="","",เวลาเรียน2!HN17) | N15: =IF($A15="","",เวลาเรียน2!HO17) | O15: =IF($A15="","",เวลาเรียน2!HP17) | P15: =IF($A15="","",เวลาเรียน2!HQ17) | Q15: =IF($A15="","",M15*100/L15) | R15: =IF(SUM(F15,L15),SUM(F15,L15),"") | S15: =IF(A15="","",SUM(G15,M15)) | T15: =IF(A15="","",SUM(H15,N15)) | U15: =IF(A15="","",SUM(I15,O15)) | V15: =IF(A15="","",SUM(J15,P15)) | W15: =IF(A15="","",IF(X15="ย้าย","-",S15*100/R15)) | X15: =IF('กรอกข้อมูล นร1'!E15="ย้าย",'กรอกข้อมูล นร1'!E15,"")
A16: ='กรอกข้อมูล นร1'!A16&"" | F16: =เวลาเรียน1!E18 | G16: =IF(A16="","",เวลาเรียน1!GS18) | H16: =IF(A16="","",เวลาเรียน1!GT18) | I16: =IF(A16="","",เวลาเรียน1!GU18) | J16: =IF(A16="","",เวลาเรียน1!GV18) | K16: =IF(A16="","",G16*100/F16) | L16: =เวลาเรียน2!E18 | M16: =IF($A16="","",เวลาเรียน2!HN18) | N16: =IF($A16="","",เวลาเรียน2!HO18) | O16: =IF($A16="","",เวลาเรียน2!HP18) | P16: =IF($A16="","",เวลาเรียน2!HQ18) | Q16: =IF($A16="","",M16*100/L16) | R16: =IF(SUM(F16,L16),SUM(F16,L16),"") | S16: =IF(A16="","",SUM(G16,M16)) | T16: =IF(A16="","",SUM(H16,N16)) | U16: =IF(A16="","",SUM(I16,O16)) | V16: =IF(A16="","",SUM(J16,P16)) | W16: =IF(A16="","",IF(X16="ย้าย","-",S16*100/R16)) | X16: =IF('กรอกข้อมูล นร1'!E16="ย้าย",'กรอกข้อมูล นร1'!E16,"")
... A54: ='กรอกข้อมูล นร1'!A54&"" | F54: =เวลาเรียน1!E56 | G54: =IF(A54="","",เวลาเรียน1!GS56) | H54: =IF(A54="","",เวลาเรียน1!GT56) | I54: =IF(A54="","",เวลาเรียน1!GU56) | J54: =IF(A54="","",เวลาเรียน1!GV56) | K54: =IF(A54="","",G54*100/F54) | L54: =เวลาเรียน2!E56 | M54: =IF($A54="","",เวลาเรียน2!HN56) | N54: =IF($A54="","",เวลาเรียน2!HO56) | O54: =IF($A54="","",เวลาเรียน2!HP56) | P54: =IF($A54="","",เวลาเรียน2!HQ56) | Q54: =IF($A54="","",M54*100/L54) | R54: =IF(SUM(F54,L54),SUM(F54,L54),"") | S54: =IF(A54="","",SUM(G54,M54)) | T54: =IF(A54="","",SUM(H54,N54)) | U54: =IF(A54="","",SUM(I54,O54)) | V54: =IF(A54="","",SUM(J54,P54)) | W54: =IF(A54="","",IF(X54="ย้าย","-",S54*100/R54)) | X54: =IF('กรอกข้อมูล นร1'!E54="ย้าย",'กรอกข้อมูล นร1'!E54,"")
K56: ลงชื่อ......................................ครูประจำชั้น
K57: ='หน้าปก ปพ.5'!H48
F60: สรุปเวลาเรียนเป็นรายเดือนของนักเรียนแต่ละคน
A62: เลขที่ | F62: พ.ค | J62: มิ.ย. | N62: ก.ค. | R62: ส.ค. | V62: ก.ย | Z62: ต.ค. | AD62: พ.ย. | AH62: ธ.ค. | AL62: ม.ค. | AP62: ก.พ. | AT62: มี.ค.
F63: มา | G63: ป | H63: ล | I63: ข | J63: มา | K63: ป | L63: ล | M63: ข | N63: มา | O63: ป | P63: ล | Q63: ข | R63: มา | S63: ป | T63: ล | U63: ข | V63: มา | W63: ป | X63: ล | Y63: ข | Z63: มา | AA63: ป | AB63: ล | AC63: ข | AD63: มา | AE63: ป | AF63: ล | AG63: ข | AH63: มา | AI63: ป | AJ63: ล | AK63: ข | AL63: มา | AM63: ป | AN63: ล | AO63: ข | AP63: มา | AQ63: ป | AR63: ล | AS63: ข | AT63: มา | AU63: ป | AV63: ล | AW63: ข
A64: 1 | F64: =เวลาเรียน1!BE7 -> 21 | G64: =เวลาเรียน1!BF7 | H64: =เวลาเรียน1!BG7 | I64: =เวลาเรียน1!BH7 | J64: =เวลาเรียน1!CN7 -> 16 | K64: =เวลาเรียน1!CO7 | L64: =เวลาเรียน1!CP7 | M64: =เวลาเรียน1!CQ7 | N64: =เวลาเรียน1!DW7 -> 22 | O64: =เวลาเรียน1!DX7 | P64: =เวลาเรียน1!DY7 | Q64: =เวลาเรียน1!DZ7 | R64: =เวลาเรียน1!FF7 -> 22 | S64: =เวลาเรียน1!FG7 | T64: =เวลาเรียน1!FH7 | U64: =เวลาเรียน1!FI7 | V64: =เวลาเรียน1!GO7 -> 8 | W64: =เวลาเรียน1!GP7 | X64: =เวลาเรียน1!GQ7 | Y64: =เวลาเรียน1!GR7 | Z64: =เวลาเรียน1!#REF! -> #REF! | AA64: =เวลาเรียน1!#REF! -> #REF! | AB64: =เวลาเรียน1!#REF! -> #REF! | AC64: =เวลาเรียน1!#REF! -> #REF! | AD64: =เวลาเรียน2!DC7 | AE64: =เวลาเรียน2!DD7 | AF64: =เวลาเรียน2!DE7 | AG64: =เวลาเรียน2!DF7 | AH64: =เวลาเรียน2!EL7 | AI64: =เวลาเรียน2!EM7 | AJ64: =เวลาเรียน2!EN7 | AK64: =เวลาเรียน2!EO7 | AL64: =เวลาเรียน2!FU7 | AM64: =เวลาเรียน2!FV7 | AN64: =เวลาเรียน2!FW7 | AO64: =เวลาเรียน2!FX7 | AP64: =เวลาเรียน2!HD7 | AQ64: =เวลาเรียน2!HE7 | AR64: =เวลาเรียน2!HF7 | AS64: =เวลาเรียน2!HG7 | AT64: =เวลาเรียน2!#REF! -> #REF! | AU64: =เวลาเรียน2!#REF! -> #REF! | AV64: =เวลาเรียน2!#REF! -> #REF! | AW64: =เวลาเรียน2!#REF! -> #REF!
A65: 2 | F65: =เวลาเรียน1!BE8 | G65: =เวลาเรียน1!BF8 | H65: =เวลาเรียน1!BG8 | I65: =เวลาเรียน1!BH8 | J65: =เวลาเรียน1!CN8 | K65: =เวลาเรียน1!CO8 | L65: =เวลาเรียน1!CP8 | M65: =เวลาเรียน1!CQ8 | N65: =เวลาเรียน1!DW8 | O65: =เวลาเรียน1!DX8 | P65: =เวลาเรียน1!DY8 | Q65: =เวลาเรียน1!DZ8 | R65: =เวลาเรียน1!FF8 | S65: =เวลาเรียน1!FG8 | T65: =เวลาเรียน1!FH8 | U65: =เวลาเรียน1!FI8 | V65: =เวลาเรียน1!GO8 | W65: =เวลาเรียน1!GP8 | X65: =เวลาเรียน1!GQ8 | Y65: =เวลาเรียน1!GR8 | Z65: =เวลาเรียน1!#REF! -> #REF! | AA65: =เวลาเรียน1!#REF! -> #REF! | AB65: =เวลาเรียน1!#REF! -> #REF! | AC65: =เวลาเรียน1!#REF! -> #REF! | AD65: =เวลาเรียน2!DC8 | AE65: =เวลาเรียน2!DD8 | AF65: =เวลาเรียน2!DE8 | AG65: =เวลาเรียน2!DF8 | AH65: =เวลาเรียน2!EL8 | AI65: =เวลาเรียน2!EM8 | AJ65: =เวลาเรียน2!EN8 | AK65: =เวลาเรียน2!EO8 | AL65: =เวลาเรียน2!FU8 | AM65: =เวลาเรียน2!FV8 | AN65: =เวลาเรียน2!FW8 | AO65: =เวลาเรียน2!FX8 | AP65: =เวลาเรียน2!HD8 | AQ65: =เวลาเรียน2!HE8 | AR65: =เวลาเรียน2!HF8 | AS65: =เวลาเรียน2!HG8 | AT65: =เวลาเรียน2!#REF! -> #REF! | AU65: =เวลาเรียน2!#REF! -> #REF! | AV65: =เวลาเรียน2!#REF! -> #REF! | AW65: =เวลาเรียน2!#REF! -> #REF!
A66: 3 | F66: =เวลาเรียน1!BE9 | G66: =เวลาเรียน1!BF9 | H66: =เวลาเรียน1!BG9 | I66: =เวลาเรียน1!BH9 | J66: =เวลาเรียน1!CN9 | K66: =เวลาเรียน1!CO9 | L66: =เวลาเรียน1!CP9 | M66: =เวลาเรียน1!CQ9 | N66: =เวลาเรียน1!DW9 | O66: =เวลาเรียน1!DX9 | P66: =เวลาเรียน1!DY9 | Q66: =เวลาเรียน1!DZ9 | R66: =เวลาเรียน1!FF9 | S66: =เวลาเรียน1!FG9 | T66: =เวลาเรียน1!FH9 | U66: =เวลาเรียน1!FI9 | V66: =เวลาเรียน1!GO9 | W66: =เวลาเรียน1!GP9 | X66: =เวลาเรียน1!GQ9 | Y66: =เวลาเรียน1!GR9 | Z66: =เวลาเรียน1!#REF! -> #REF! | AA66: =เวลาเรียน1!#REF! -> #REF! | AB66: =เวลาเรียน1!#REF! -> #REF! | AC66: =เวลาเรียน1!#REF! -> #REF! | AD66: =เวลาเรียน2!DC9 | AE66: =เวลาเรียน2!DD9 | AF66: =เวลาเรียน2!DE9 | AG66: =เวลาเรียน2!DF9 | AH66: =เวลาเรียน2!EL9 | AI66: =เวลาเรียน2!EM9 | AJ66: =เวลาเรียน2!EN9 | AK66: =เวลาเรียน2!EO9 | AL66: =เวลาเรียน2!FU9 | AM66: =เวลาเรียน2!FV9 | AN66: =เวลาเรียน2!FW9 | AO66: =เวลาเรียน2!FX9 | AP66: =เวลาเรียน2!HD9 | AQ66: =เวลาเรียน2!HE9 | AR66: =เวลาเรียน2!HF9 | AS66: =เวลาเรียน2!HG9 | AT66: =เวลาเรียน2!#REF! -> #REF! | AU66: =เวลาเรียน2!#REF! -> #REF! | AV66: =เวลาเรียน2!#REF! -> #REF! | AW66: =เวลาเรียน2!#REF! -> #REF!
A67: 4 | F67: =เวลาเรียน1!BE10 | G67: =เวลาเรียน1!BF10 | H67: =เวลาเรียน1!BG10 | I67: =เวลาเรียน1!BH10 | J67: =เวลาเรียน1!CN10 | K67: =เวลาเรียน1!CO10 | L67: =เวลาเรียน1!CP10 | M67: =เวลาเรียน1!CQ10 | N67: =เวลาเรียน1!DW10 | O67: =เวลาเรียน1!DX10 | P67: =เวลาเรียน1!DY10 | Q67: =เวลาเรียน1!DZ10 | R67: =เวลาเรียน1!FF10 | S67: =เวลาเรียน1!FG10 | T67: =เวลาเรียน1!FH10 | U67: =เวลาเรียน1!FI10 | V67: =เวลาเรียน1!GO10 | W67: =เวลาเรียน1!GP10 | X67: =เวลาเรียน1!GQ10 | Y67: =เวลาเรียน1!GR10 | Z67: =เวลาเรียน1!#REF! -> #REF! | AA67: =เวลาเรียน1!#REF! -> #REF! | AB67: =เวลาเรียน1!#REF! -> #REF! | AC67: =เวลาเรียน1!#REF! -> #REF! | AD67: =เวลาเรียน2!DC10 | AE67: =เวลาเรียน2!DD10 | AF67: =เวลาเรียน2!DE10 | AG67: =เวลาเรียน2!DF10 | AH67: =เวลาเรียน2!EL10 | AI67: =เวลาเรียน2!EM10 | AJ67: =เวลาเรียน2!EN10 | AK67: =เวลาเรียน2!EO10 | AL67: =เวลาเรียน2!FU10 | AM67: =เวลาเรียน2!FV10 | AN67: =เวลาเรียน2!FW10 | AO67: =เวลาเรียน2!FX10 | AP67: =เวลาเรียน2!HD10 | AQ67: =เวลาเรียน2!HE10 | AR67: =เวลาเรียน2!HF10 | AS67: =เวลาเรียน2!HG10 | AT67: =เวลาเรียน2!#REF! -> #REF! | AU67: =เวลาเรียน2!#REF! -> #REF! | AV67: =เวลาเรียน2!#REF! -> #REF! | AW67: =เวลาเรียน2!#REF! -> #REF!
A68: 5 | F68: =เวลาเรียน1!BE11 | G68: =เวลาเรียน1!BF11 | H68: =เวลาเรียน1!BG11 | I68: =เวลาเรียน1!BH11 | J68: =เวลาเรียน1!CN11 | K68: =เวลาเรียน1!CO11 | L68: =เวลาเรียน1!CP11 | M68: =เวลาเรียน1!CQ11 | N68: =เวลาเรียน1!DW11 | O68: =เวลาเรียน1!DX11 | P68: =เวลาเรียน1!DY11 | Q68: =เวลาเรียน1!DZ11 | R68: =เวลาเรียน1!FF11 | S68: =เวลาเรียน1!FG11 | T68: =เวลาเรียน1!FH11 | U68: =เวลาเรียน1!FI11 | V68: =เวลาเรียน1!GO11 | W68: =เวลาเรียน1!GP11 | X68: =เวลาเรียน1!GQ11 | Y68: =เวลาเรียน1!GR11 | Z68: =เวลาเรียน1!#REF! -> #REF! | AA68: =เวลาเรียน1!#REF! -> #REF! | AB68: =เวลาเรียน1!#REF! -> #REF! | AC68: =เวลาเรียน1!#REF! -> #REF! | AD68: =เวลาเรียน2!DC11 | AE68: =เวลาเรียน2!DD11 | AF68: =เวลาเรียน2!DE11 | AG68: =เวลาเรียน2!DF11 | AH68: =เวลาเรียน2!EL11 | AI68: =เวลาเรียน2!EM11 | AJ68: =เวลาเรียน2!EN11 | AK68: =เวลาเรียน2!EO11 | AL68: =เวลาเรียน2!FU11 | AM68: =เวลาเรียน2!FV11 | AN68: =เวลาเรียน2!FW11 | AO68: =เวลาเรียน2!FX11 | AP68: =เวลาเรียน2!HD11 | AQ68: =เวลาเรียน2!HE11 | AR68: =เวลาเรียน2!HF11 | AS68: =เวลาเรียน2!HG11 | AT68: =เวลาเรียน2!#REF! -> #REF! | AU68: =เวลาเรียน2!#REF! -> #REF! | AV68: =เวลาเรียน2!#REF! -> #REF! | AW68: =เวลาเรียน2!#REF! -> #REF!
A69: 6 | F69: =เวลาเรียน1!BE12 | G69: =เวลาเรียน1!BF12 | H69: =เวลาเรียน1!BG12 | I69: =เวลาเรียน1!BH12 | J69: =เวลาเรียน1!CN12 | K69: =เวลาเรียน1!CO12 | L69: =เวลาเรียน1!CP12 | M69: =เวลาเรียน1!CQ12 | N69: =เวลาเรียน1!DW12 | O69: =เวลาเรียน1!DX12 | P69: =เวลาเรียน1!DY12 | Q69: =เวลาเรียน1!DZ12 | R69: =เวลาเรียน1!FF12 | S69: =เวลาเรียน1!FG12 | T69: =เวลาเรียน1!FH12 | U69: =เวลาเรียน1!FI12 | V69: =เวลาเรียน1!GO12 | W69: =เวลาเรียน1!GP12 | X69: =เวลาเรียน1!GQ12 | Y69: =เวลาเรียน1!GR12 | Z69: =เวลาเรียน1!#REF! -> #REF! | AA69: =เวลาเรียน1!#REF! -> #REF! | AB69: =เวลาเรียน1!#REF! -> #REF! | AC69: =เวลาเรียน1!#REF! -> #REF! | AD69: =เวลาเรียน2!DC12 | AE69: =เวลาเรียน2!DD12 | AF69: =เวลาเรียน2!DE12 | AG69: =เวลาเรียน2!DF12 | AH69: =เวลาเรียน2!EL12 | AI69: =เวลาเรียน2!EM12 | AJ69: =เวลาเรียน2!EN12 | AK69: =เวลาเรียน2!EO12 | AL69: =เวลาเรียน2!FU12 | AM69: =เวลาเรียน2!FV12 | AN69: =เวลาเรียน2!FW12 | AO69: =เวลาเรียน2!FX12 | AP69: =เวลาเรียน2!HD12 | AQ69: =เวลาเรียน2!HE12 | AR69: =เวลาเรียน2!HF12 | AS69: =เวลาเรียน2!HG12 | AT69: =เวลาเรียน2!#REF! -> #REF! | AU69: =เวลาเรียน2!#REF! -> #REF! | AV69: =เวลาเรียน2!#REF! -> #REF! | AW69: =เวลาเรียน2!#REF! -> #REF!
A70: 7 | F70: =เวลาเรียน1!BE13 | G70: =เวลาเรียน1!BF13 | H70: =เวลาเรียน1!BG13 | I70: =เวลาเรียน1!BH13 | J70: =เวลาเรียน1!CN13 | K70: =เวลาเรียน1!CO13 | L70: =เวลาเรียน1!CP13 | M70: =เวลาเรียน1!CQ13 | N70: =เวลาเรียน1!DW13 | O70: =เวลาเรียน1!DX13 | P70: =เวลาเรียน1!DY13 | Q70: =เวลาเรียน1!DZ13 | R70: =เวลาเรียน1!FF13 | S70: =เวลาเรียน1!FG13 | T70: =เวลาเรียน1!FH13 | U70: =เวลาเรียน1!FI13 | V70: =เวลาเรียน1!GO13 | W70: =เวลาเรียน1!GP13 | X70: =เวลาเรียน1!GQ13 | Y70: =เวลาเรียน1!GR13 | Z70: =เวลาเรียน1!#REF! -> #REF! | AA70: =เวลาเรียน1!#REF! -> #REF! | AB70: =เวลาเรียน1!#REF! -> #REF! | AC70: =เวลาเรียน1!#REF! -> #REF! | AD70: =เวลาเรียน2!DC13 | AE70: =เวลาเรียน2!DD13 | AF70: =เวลาเรียน2!DE13 | AG70: =เวลาเรียน2!DF13 | AH70: =เวลาเรียน2!EL13 | AI70: =เวลาเรียน2!EM13 | AJ70: =เวลาเรียน2!EN13 | AK70: =เวลาเรียน2!EO13 | AL70: =เวลาเรียน2!FU13 | AM70: =เวลาเรียน2!FV13 | AN70: =เวลาเรียน2!FW13 | AO70: =เวลาเรียน2!FX13 | AP70: =เวลาเรียน2!HD13 | AQ70: =เวลาเรียน2!HE13 | AR70: =เวลาเรียน2!HF13 | AS70: =เวลาเรียน2!HG13 | AT70: =เวลาเรียน2!#REF! -> #REF! | AU70: =เวลาเรียน2!#REF! -> #REF! | AV70: =เวลาเรียน2!#REF! -> #REF! | AW70: =เวลาเรียน2!#REF! -> #REF!
A71: 8 | F71: =เวลาเรียน1!BE14 | G71: =เวลาเรียน1!BF14 | H71: =เวลาเรียน1!BG14 | I71: =เวลาเรียน1!BH14 | J71: =เวลาเรียน1!CN14 | K71: =เวลาเรียน1!CO14 | L71: =เวลาเรียน1!CP14 | M71: =เวลาเรียน1!CQ14 | N71: =เวลาเรียน1!DW14 | O71: =เวลาเรียน1!DX14 | P71: =เวลาเรียน1!DY14 | Q71: =เวลาเรียน1!DZ14 | R71: =เวลาเรียน1!FF14 | S71: =เวลาเรียน1!FG14 | T71: =เวลาเรียน1!FH14 | U71: =เวลาเรียน1!FI14 | V71: =เวลาเรียน1!GO14 | W71: =เวลาเรียน1!GP14 | X71: =เวลาเรียน1!GQ14 | Y71: =เวลาเรียน1!GR14 | Z71: =เวลาเรียน1!#REF! -> #REF! | AA71: =เวลาเรียน1!#REF! -> #REF! | AB71: =เวลาเรียน1!#REF! -> #REF! | AC71: =เวลาเรียน1!#REF! -> #REF! | AD71: =เวลาเรียน2!DC14 | AE71: =เวลาเรียน2!DD14 | AF71: =เวลาเรียน2!DE14 | AG71: =เวลาเรียน2!DF14 | AH71: =เวลาเรียน2!EL14 | AI71: =เวลาเรียน2!EM14 | AJ71: =เวลาเรียน2!EN14 | AK71: =เวลาเรียน2!EO14 | AL71: =เวลาเรียน2!FU14 | AM71: =เวลาเรียน2!FV14 | AN71: =เวลาเรียน2!FW14 | AO71: =เวลาเรียน2!FX14 | AP71: =เวลาเรียน2!HD14 | AQ71: =เวลาเรียน2!HE14 | AR71: =เวลาเรียน2!HF14 | AS71: =เวลาเรียน2!HG14 | AT71: =เวลาเรียน2!#REF! -> #REF! | AU71: =เวลาเรียน2!#REF! -> #REF! | AV71: =เวลาเรียน2!#REF! -> #REF! | AW71: =เวลาเรียน2!#REF! -> #REF!
A72: 9 | F72: =เวลาเรียน1!BE15 | G72: =เวลาเรียน1!BF15 | H72: =เวลาเรียน1!BG15 | I72: =เวลาเรียน1!BH15 | J72: =เวลาเรียน1!CN15 | K72: =เวลาเรียน1!CO15 | L72: =เวลาเรียน1!CP15 | M72: =เวลาเรียน1!CQ15 | N72: =เวลาเรียน1!DW15 | O72: =เวลาเรียน1!DX15 | P72: =เวลาเรียน1!DY15 | Q72: =เวลาเรียน1!DZ15 | R72: =เวลาเรียน1!FF15 | S72: =เวลาเรียน1!FG15 | T72: =เวลาเรียน1!FH15 | U72: =เวลาเรียน1!FI15 | V72: =เวลาเรียน1!GO15 | W72: =เวลาเรียน1!GP15 | X72: =เวลาเรียน1!GQ15 | Y72: =เวลาเรียน1!GR15 | Z72: =เวลาเรียน1!#REF! -> #REF! | AA72: =เวลาเรียน1!#REF! -> #REF! | AB72: =เวลาเรียน1!#REF! -> #REF! | AC72: =เวลาเรียน1!#REF! -> #REF! | AD72: =เวลาเรียน2!DC15 | AE72: =เวลาเรียน2!DD15 | AF72: =เวลาเรียน2!DE15 | AG72: =เวลาเรียน2!DF15 | AH72: =เวลาเรียน2!EL15 | AI72: =เวลาเรียน2!EM15 | AJ72: =เวลาเรียน2!EN15 | AK72: =เวลาเรียน2!EO15 | AL72: =เวลาเรียน2!FU15 | AM72: =เวลาเรียน2!FV15 | AN72: =เวลาเรียน2!FW15 | AO72: =เวลาเรียน2!FX15 | AP72: =เวลาเรียน2!HD15 | AQ72: =เวลาเรียน2!HE15 | AR72: =เวลาเรียน2!HF15 | AS72: =เวลาเรียน2!HG15 | AT72: =เวลาเรียน2!#REF! -> #REF! | AU72: =เวลาเรียน2!#REF! -> #REF! | AV72: =เวลาเรียน2!#REF! -> #REF! | AW72: =เวลาเรียน2!#REF! -> #REF!
A73: 10 | F73: =เวลาเรียน1!BE16 | G73: =เวลาเรียน1!BF16 | H73: =เวลาเรียน1!BG16 | I73: =เวลาเรียน1!BH16 | J73: =เวลาเรียน1!CN16 | K73: =เวลาเรียน1!CO16 | L73: =เวลาเรียน1!CP16 | M73: =เวลาเรียน1!CQ16 | N73: =เวลาเรียน1!DW16 | O73: =เวลาเรียน1!DX16 | P73: =เวลาเรียน1!DY16 | Q73: =เวลาเรียน1!DZ16 | R73: =เวลาเรียน1!FF16 | S73: =เวลาเรียน1!FG16 | T73: =เวลาเรียน1!FH16 | U73: =เวลาเรียน1!FI16 | V73: =เวลาเรียน1!GO16 | W73: =เวลาเรียน1!GP16 | X73: =เวลาเรียน1!GQ16 | Y73: =เวลาเรียน1!GR16 | Z73: =เวลาเรียน1!#REF! -> #REF! | AA73: =เวลาเรียน1!#REF! -> #REF! | AB73: =เวลาเรียน1!#REF! -> #REF! | AC73: =เวลาเรียน1!#REF! -> #REF! | AD73: =เวลาเรียน2!DC16 | AE73: =เวลาเรียน2!DD16 | AF73: =เวลาเรียน2!DE16 | AG73: =เวลาเรียน2!DF16 | AH73: =เวลาเรียน2!EL16 | AI73: =เวลาเรียน2!EM16 | AJ73: =เวลาเรียน2!EN16 | AK73: =เวลาเรียน2!EO16 | AL73: =เวลาเรียน2!FU16 | AM73: =เวลาเรียน2!FV16 | AN73: =เวลาเรียน2!FW16 | AO73: =เวลาเรียน2!FX16 | AP73: =เวลาเรียน2!HD16 | AQ73: =เวลาเรียน2!HE16 | AR73: =เวลาเรียน2!HF16 | AS73: =เวลาเรียน2!HG16 | AT73: =เวลาเรียน2!#REF! -> #REF! | AU73: =เวลาเรียน2!#REF! -> #REF! | AV73: =เวลาเรียน2!#REF! -> #REF! | AW73: =เวลาเรียน2!#REF! -> #REF!
A74: 11 | F74: =เวลาเรียน1!BE17 | G74: =เวลาเรียน1!BF17 | H74: =เวลาเรียน1!BG17 | I74: =เวลาเรียน1!BH17 | J74: =เวลาเรียน1!CN17 | K74: =เวลาเรียน1!CO17 | L74: =เวลาเรียน1!CP17 | M74: =เวลาเรียน1!CQ17 | N74: =เวลาเรียน1!DW17 | O74: =เวลาเรียน1!DX17 | P74: =เวลาเรียน1!DY17 | Q74: =เวลาเรียน1!DZ17 | R74: =เวลาเรียน1!FF17 | S74: =เวลาเรียน1!FG17 | T74: =เวลาเรียน1!FH17 | U74: =เวลาเรียน1!FI17 | V74: =เวลาเรียน1!GO17 | W74: =เวลาเรียน1!GP17 | X74: =เวลาเรียน1!GQ17 | Y74: =เวลาเรียน1!GR17 | Z74: =เวลาเรียน1!#REF! -> #REF! | AA74: =เวลาเรียน1!#REF! -> #REF! | AB74: =เวลาเรียน1!#REF! -> #REF! | AC74: =เวลาเรียน1!#REF! -> #REF! | AD74: =เวลาเรียน2!DC17 | AE74: =เวลาเรียน2!DD17 | AF74: =เวลาเรียน2!DE17 | AG74: =เวลาเรียน2!DF17 | AH74: =เวลาเรียน2!EL17 | AI74: =เวลาเรียน2!EM17 | AJ74: =เวลาเรียน2!EN17 | AK74: =เวลาเรียน2!EO17 | AL74: =เวลาเรียน2!FU17 | AM74: =เวลาเรียน2!FV17 | AN74: =เวลาเรียน2!FW17 | AO74: =เวลาเรียน2!FX17 | AP74: =เวลาเรียน2!HD17 | AQ74: =เวลาเรียน2!HE17 | AR74: =เวลาเรียน2!HF17 | AS74: =เวลาเรียน2!HG17 | AT74: =เวลาเรียน2!#REF! -> #REF! | AU74: =เวลาเรียน2!#REF! -> #REF! | AV74: =เวลาเรียน2!#REF! -> #REF! | AW74: =เวลาเรียน2!#REF! -> #REF!
A75: 12 | F75: =เวลาเรียน1!BE18 | G75: =เวลาเรียน1!BF18 | H75: =เวลาเรียน1!BG18 | I75: =เวลาเรียน1!BH18 | J75: =เวลาเรียน1!CN18 | K75: =เวลาเรียน1!CO18 | L75: =เวลาเรียน1!CP18 | M75: =เวลาเรียน1!CQ18 | N75: =เวลาเรียน1!DW18 | O75: =เวลาเรียน1!DX18 | P75: =เวลาเรียน1!DY18 | Q75: =เวลาเรียน1!DZ18 | R75: =เวลาเรียน1!FF18 | S75: =เวลาเรียน1!FG18 | T75: =เวลาเรียน1!FH18 | U75: =เวลาเรียน1!FI18 | V75: =เวลาเรียน1!GO18 | W75: =เวลาเรียน1!GP18 | X75: =เวลาเรียน1!GQ18 | Y75: =เวลาเรียน1!GR18 | Z75: =เวลาเรียน1!#REF! -> #REF! | AA75: =เวลาเรียน1!#REF! -> #REF! | AB75: =เวลาเรียน1!#REF! -> #REF! | AC75: =เวลาเรียน1!#REF! -> #REF! | AD75: =เวลาเรียน2!DC18 | AE75: =เวลาเรียน2!DD18 | AF75: =เวลาเรียน2!DE18 | AG75: =เวลาเรียน2!DF18 | AH75: =เวลาเรียน2!EL18 | AI75: =เวลาเรียน2!EM18 | AJ75: =เวลาเรียน2!EN18 | AK75: =เวลาเรียน2!EO18 | AL75: =เวลาเรียน2!FU18 | AM75: =เวลาเรียน2!FV18 | AN75: =เวลาเรียน2!FW18 | AO75: =เวลาเรียน2!FX18 | AP75: =เวลาเรียน2!HD18 | AQ75: =เวลาเรียน2!HE18 | AR75: =เวลาเรียน2!HF18 | AS75: =เวลาเรียน2!HG18 | AT75: =เวลาเรียน2!#REF! -> #REF! | AU75: =เวลาเรียน2!#REF! -> #REF! | AV75: =เวลาเรียน2!#REF! -> #REF! | AW75: =เวลาเรียน2!#REF! -> #REF!
... A99: 36 | F99: =เวลาเรียน1!BE42 | G99: =เวลาเรียน1!BF42 | H99: =เวลาเรียน1!BG42 | I99: =เวลาเรียน1!BH42 | J99: =เวลาเรียน1!CN42 | K99: =เวลาเรียน1!CO42 | L99: =เวลาเรียน1!CP42 | M99: =เวลาเรียน1!CQ42 | N99: =เวลาเรียน1!DW42 | O99: =เวลาเรียน1!DX42 | P99: =เวลาเรียน1!DY42 | Q99: =เวลาเรียน1!DZ42 | R99: =เวลาเรียน1!FF42 | S99: =เวลาเรียน1!FG42 | T99: =เวลาเรียน1!FH42 | U99: =เวลาเรียน1!FI42 | V99: =เวลาเรียน1!GO42 | W99: =เวลาเรียน1!GP42 | X99: =เวลาเรียน1!GQ42 | Y99: =เวลาเรียน1!GR42 | Z99: =เวลาเรียน1!#REF! -> #REF! | AA99: =เวลาเรียน1!#REF! -> #REF! | AB99: =เวลาเรียน1!#REF! -> #REF! | AC99: =เวลาเรียน1!#REF! -> #REF! | AD99: =เวลาเรียน2!DC42 | AE99: =เวลาเรียน2!DD42 | AF99: =เวลาเรียน2!DE42 | AG99: =เวลาเรียน2!DF42 | AH99: =เวลาเรียน2!EL42 | AI99: =เวลาเรียน2!EM42 | AJ99: =เวลาเรียน2!EN42 | AK99: =เวลาเรียน2!EO42 | AL99: =เวลาเรียน2!FU42 | AM99: =เวลาเรียน2!FV42 | AN99: =เวลาเรียน2!FW42 | AO99: =เวลาเรียน2!FX42 | AP99: =เวลาเรียน2!HD42 | AQ99: =เวลาเรียน2!HE42 | AR99: =เวลาเรียน2!HF42 | AS99: =เวลาเรียน2!HG42 | AT99: =เวลาเรียน2!#REF! -> #REF! | AU99: =เวลาเรียน2!#REF! -> #REF! | AV99: =เวลาเรียน2!#REF! -> #REF! | AW99: =เวลาเรียน2!#REF! -> #REF!
A100: 37 | F100: =เวลาเรียน1!BE44 | G100: =เวลาเรียน1!BF44 | H100: =เวลาเรียน1!BG44 | I100: =เวลาเรียน1!BH44 | J100: =เวลาเรียน1!CN44 | K100: =เวลาเรียน1!CO44 | L100: =เวลาเรียน1!CP44 | M100: =เวลาเรียน1!CQ44 | N100: =เวลาเรียน1!DW44 | O100: =เวลาเรียน1!DX44 | P100: =เวลาเรียน1!DY44 | Q100: =เวลาเรียน1!DZ44 | R100: =เวลาเรียน1!FF44 | S100: =เวลาเรียน1!FG44 | T100: =เวลาเรียน1!FH44 | U100: =เวลาเรียน1!FI44 | V100: =เวลาเรียน1!GO44 | W100: =เวลาเรียน1!GP44 | X100: =เวลาเรียน1!GQ44 | Y100: =เวลาเรียน1!GR44 | Z100: =เวลาเรียน1!#REF! -> #REF! | AA100: =เวลาเรียน1!#REF! -> #REF! | AB100: =เวลาเรียน1!#REF! -> #REF! | AC100: =เวลาเรียน1!#REF! -> #REF! | AD100: =เวลาเรียน2!DC45 | AE100: =เวลาเรียน2!DD45 | AF100: =เวลาเรียน2!DE45 | AG100: =เวลาเรียน2!DF45 | AH100: =เวลาเรียน2!EL45 | AI100: =เวลาเรียน2!EM45 | AJ100: =เวลาเรียน2!EN45 | AK100: =เวลาเรียน2!EO45 | AL100: =เวลาเรียน2!FU45 | AM100: =เวลาเรียน2!FV45 | AN100: =เวลาเรียน2!FW45 | AO100: =เวลาเรียน2!FX45 | AP100: =เวลาเรียน2!HD45 | AQ100: =เวลาเรียน2!HE45 | AR100: =เวลาเรียน2!HF45 | AS100: =เวลาเรียน2!HG45 | AT100: =เวลาเรียน2!#REF! -> #REF! | AU100: =เวลาเรียน2!#REF! -> #REF! | AV100: =เวลาเรียน2!#REF! -> #REF! | AW100: =เวลาเรียน2!#REF! -> #REF!
A101: 38 | F101: =เวลาเรียน1!BE46 | G101: =เวลาเรียน1!BF46 | H101: =เวลาเรียน1!BG46 | I101: =เวลาเรียน1!BH46 | J101: =เวลาเรียน1!CN46 | K101: =เวลาเรียน1!CO46 | L101: =เวลาเรียน1!CP46 | M101: =เวลาเรียน1!CQ46 | N101: =เวลาเรียน1!DW46 | O101: =เวลาเรียน1!DX46 | P101: =เวลาเรียน1!DY46 | Q101: =เวลาเรียน1!DZ46 | R101: =เวลาเรียน1!FF46 | S101: =เวลาเรียน1!FG46 | T101: =เวลาเรียน1!FH46 | U101: =เวลาเรียน1!FI46 | V101: =เวลาเรียน1!GO46 | W101: =เวลาเรียน1!GP46 | X101: =เวลาเรียน1!GQ46 | Y101: =เวลาเรียน1!GR46 | Z101: =เวลาเรียน1!#REF! -> #REF! | AA101: =เวลาเรียน1!#REF! -> #REF! | AB101: =เวลาเรียน1!#REF! -> #REF! | AC101: =เวลาเรียน1!#REF! -> #REF! | AD101: =เวลาเรียน2!DC46 | AE101: =เวลาเรียน2!DD46 | AF101: =เวลาเรียน2!DE46 | AG101: =เวลาเรียน2!DF46 | AH101: =เวลาเรียน2!EL46 | AI101: =เวลาเรียน2!EM46 | AJ101: =เวลาเรียน2!EN46 | AK101: =เวลาเรียน2!EO46 | AL101: =เวลาเรียน2!FU46 | AM101: =เวลาเรียน2!FV46 | AN101: =เวลาเรียน2!FW46 | AO101: =เวลาเรียน2!FX46 | AP101: =เวลาเรียน2!HD46 | AQ101: =เวลาเรียน2!HE46 | AR101: =เวลาเรียน2!HF46 | AS101: =เวลาเรียน2!HG46 | AT101: =เวลาเรียน2!#REF! -> #REF! | AU101: =เวลาเรียน2!#REF! -> #REF! | AV101: =เวลาเรียน2!#REF! -> #REF! | AW101: =เวลาเรียน2!#REF! -> #REF!
A102: 39 | F102: =เวลาเรียน1!BE57 -> 0 | G102: =เวลาเรียน1!BF57 -> 0 | H102: =เวลาเรียน1!BG57 -> 0 | I102: =เวลาเรียน1!BH57 -> 0 | J102: =เวลาเรียน1!CN57 -> 0 | K102: =เวลาเรียน1!CO57 -> 0 | L102: =เวลาเรียน1!CP57 -> 0 | M102: =เวลาเรียน1!CQ57 -> 0 | N102: =เวลาเรียน1!DW57 -> 0 | O102: =เวลาเรียน1!DX57 -> 0 | P102: =เวลาเรียน1!DY57 -> 0 | Q102: =เวลาเรียน1!DZ57 -> 0 | R102: =เวลาเรียน1!FF57 -> 0 | S102: =เวลาเรียน1!FG57 -> 0 | T102: =เวลาเรียน1!FH57 -> 0 | U102: =เวลาเรียน1!FI57 -> 0 | V102: =เวลาเรียน1!GO57 -> 0 | W102: =เวลาเรียน1!GP57 -> 0 | X102: =เวลาเรียน1!GQ57 -> 0 | Y102: =เวลาเรียน1!GR57 -> 0 | Z102: =เวลาเรียน1!#REF! -> #REF! | AA102: =เวลาเรียน1!#REF! -> #REF! | AB102: =เวลาเรียน1!#REF! -> #REF! | AC102: =เวลาเรียน1!#REF! -> #REF! | AD102: =เวลาเรียน2!BT57 -> 0 | AE102: =เวลาเรียน2!BU57 -> 0 | AF102: =เวลาเรียน2!BV57 -> 0 | AG102: =เวลาเรียน2!BW57 -> 0 | AH102: =เวลาเรียน2!DC57 -> 0 | AI102: =เวลาเรียน2!DD57 -> 0 | AJ102: =เวลาเรียน2!DE57 -> 0 | AK102: =เวลาเรียน2!DF57 -> 0 | AL102: =เวลาเรียน2!EL57 -> 0 | AM102: =เวลาเรียน2!EM57 -> 0 | AN102: =เวลาเรียน2!EN57 -> 0 | AO102: =เวลาเรียน2!EO57 -> 0 | AP102: =เวลาเรียน2!FU57 -> 0 | AQ102: =เวลาเรียน2!FV57 -> 0 | AR102: =เวลาเรียน2!FW57 -> 0 | AS102: =เวลาเรียน2!FX57 -> 0 | AT102: =เวลาเรียน2!HD57 -> 0 | AU102: =เวลาเรียน2!HE57 -> 0 | AV102: =เวลาเรียน2!HF57 -> 0 | AW102: =เวลาเรียน2!HG57 -> 0

Sheet คะแนนตามตัวชี้วัด
A1: ="ผลการประเมินตัวชี้วัด รายวิชา"&ข้อมูลพื้นฐาน!A15&" รหัสวิชา "&ข้อมูลพื้นฐาน!C15 -> ผลการประเมินตัวชี้วัด รายวิชาภาษาไทย รหัสวิชา | Z1: =A1 -> ผลการประเมินตัวชี้วัด รายวิชาภาษาไทย รหัสวิชา | BD1: 1
A2: มาตรฐานที่ | D2: =VLOOKUP($BD$3,ตัวชี้วัดประถมศึกษา!$A$3:$AN$8,2,FALSE)&"" -> ท 1.1 ป. 3/1 | E2: =VLOOKUP($BD$3,ตัวชี้วัดประถมศึกษา!$A$3:$AN$8,3,FALSE)&"" -> ท 1.1 ป. 3/2 | F2: =VLOOKUP($BD$3,ตัวชี้วัดประถมศึกษา!$A$3:$AN$8,4,FALSE)&"" -> ท 1.1 ป. 3/3 | G2: =VLOOKUP($BD$3,ตัวชี้วัดประถมศึกษา!$A$3:$AN$8,5,FALSE)&"" -> ท 1.1 ป. 3/4 | H2: =VLOOKUP($BD$3,ตัวชี้วัดประถมศึกษา!$A$3:$AN$8,6,FALSE)&"" -> ท 1.1 ป. 3/5 | I2: =VLOOKUP($BD$3,ตัวชี้วัดประถมศึกษา!$A$3:$AN$8,7,FALSE)&"" -> ท 1.1 ป. 3/6 | J2: =VLOOKUP($BD$3,ตัวชี้วัดประถมศึกษา!$A$3:$AN$8,8,FALSE)&"" -> ท 1.1 ป. 3/7 | K2: =VLOOKUP($BD$3,ตัวชี้วัดประถมศึกษา!$A$3:$AN$8,9,FALSE)&"" -> ท 1.1 ป. 3/8 | L2: =VLOOKUP($BD$3,ตัวชี้วัดประถมศึกษา!$A$3:$AN$8,10,FALSE)&"" -> ท 1.1 ป. 3/9 | M2: =VLOOKUP($BD$3,ตัวชี้วัดประถมศึกษา!$A$3:$AN$8,11,FALSE)&"" -> ท 2.1 ป. 3/1 | N2: =VLOOKUP($BD$3,ตัวชี้วัดประถมศึกษา!$A$3:$AN$8,12,FALSE)&"" -> ท 2.1 ป. 3/2 | O2: =VLOOKUP($BD$3,ตัวชี้วัดประถมศึกษา!$A$3:$AN$8,13,FALSE)&"" -> ท 2.1 ป. 3/3 | P2: =VLOOKUP($BD$3,ตัวชี้วัดประถมศึกษา!$A$3:$AN$8,14,FALSE)&"" -> ท 2.1 ป. 3/4 | Q2: =VLOOKUP($BD$3,ตัวชี้วัดประถมศึกษา!$A$3:$AN$8,15,FALSE)&"" -> ท 2.1 ป. 3/5 | R2: =VLOOKUP($BD$3,ตัวชี้วัดประถมศึกษา!$A$3:$AN$8,16,FALSE)&"" -> ท 2.1 ป. 3/6 | S2: =VLOOKUP($BD$3,ตัวชี้วัดประถมศึกษา!$A$3:$AN$8,17,FALSE)&"" -> ท 3.1 ป. 3/1 | T2: =VLOOKUP($BD$3,ตัวชี้วัดประถมศึกษา!$A$3:$AN$8,18,FALSE)&"" -> ท 3.1 ป. 3/2 | U2: =VLOOKUP($BD$3,ตัวชี้วัดประถมศึกษา!$A$3:$AN$8,19,FALSE)&"" -> ท 3.1 ป. 3/3 | V2: =VLOOKUP($BD$3,ตัวชี้วัดประถมศึกษา!$A$3:$AN$8,20,FALSE)&"" -> ท 3.1 ป. 3/4 | W2: =VLOOKUP($BD$3,ตัวชี้วัดประถมศึกษา!$A$3:$AN$8,21,FALSE)&"" -> ท 3.1 ป. 3/5 | X2: =VLOOKUP($BD$3,ตัวชี้วัดประถมศึกษา!$A$3:$AN$8,22,FALSE)&"" -> ท 3.1 ป. 3/6 | Y2: =VLOOKUP($BD$3,ตัวชี้วัดประถมศึกษา!$A$3:$AN$8,23,FALSE)&"" -> ท 4.1 ป. 3/1 | AA2: =VLOOKUP($BD$3,ตัวชี้วัดประถมศึกษา!$A$3:$AN$8,24,FALSE)&"" -> ท 4.1 ป. 3/2 | AB2: =VLOOKUP($BD$3,ตัวชี้วัดประถมศึกษา!$A$3:$AN$8,25,FALSE)&"" -> ท 4.1 ป. 3/3 | AC2: =VLOOKUP($BD$3,ตัวชี้วัดประถมศึกษา!$A$3:$AN$8,26,FALSE)&"" -> ท 4.1 ป. 3/4 | AD2: =VLOOKUP($BD$3,ตัวชี้วัดประถมศึกษา!$A$3:$AN$8,27,FALSE)&"" -> ท 4.1 ป. 3/5 | AE2: =VLOOKUP($BD$3,ตัวชี้วัดประถมศึกษา!$A$3:$AN$8,28,FALSE)&"" -> ท 4.1 ป. 3/6 | AF2: =VLOOKUP($BD$3,ตัวชี้วัดประถมศึกษา!$A$3:$AN$8,29,FALSE)&"" -> ท 5.1 ป. 3/1 | AG2: =VLOOKUP($BD$3,ตัวชี้วัดประถมศึกษา!$A$3:$AN$8,30,FALSE)&"" -> ท 5.1 ป. 3/2 | AH2: =VLOOKUP($BD$3,ตัวชี้วัดประถมศึกษา!$A$3:$AN$8,31,FALSE)&"" -> ท 5.1 ป. 3/3 | AI2: =VLOOKUP($BD$3,ตัวชี้วัดประถมศึกษา!$A$3:$AN$8,32,FALSE)&"" -> ท 5.1 ป. 3/4 | AJ2: =VLOOKUP($BD$3,ตัวชี้วัดประถมศึกษา!$A$3:$AN$8,33,FALSE)&"" | AK2: =VLOOKUP($BD$3,ตัวชี้วัดประถมศึกษา!$A$3:$AN$8,34,FALSE)&"" | AL2: =VLOOKUP($BD$3,ตัวชี้วัดประถมศึกษา!$A$3:$AN$8,35,FALSE)&"" | AM2: =VLOOKUP($BD$3,ตัวชี้วัดประถมศึกษา!$A$3:$AN$8,36,FALSE)&"" | AN2: =VLOOKUP($BD$3,ตัวชี้วัดประถมศึกษา!$A$3:$AN$8,37,FALSE)&"" | AO2: =VLOOKUP($BD$3,ตัวชี้วัดประถมศึกษา!$A$3:$AN$8,38,FALSE)&"" | AP2: =VLOOKUP($BD$3,ตัวชี้วัดประถมศึกษา!$A$3:$AN$8,39,FALSE)&"" | AQ2: =VLOOKUP($BD$3,ตัวชี้วัดประถมศึกษา!$A$3:$AQ$8,40,FALSE)&"" | AR2: =VLOOKUP($BD$3,ตัวชี้วัดประถมศึกษา!$A$3:$AQ$8,41,FALSE)&"" | AS2: สอบกลางภาคเรียนที่ 1 | AT2: สอบกลางภาคเรียนที่ 2 | AU2: รวมคะแนนระหว่างเรียน | AV2: สอบปลายภาคเรียนที่ 1 | AW2: รวมคะแนนระหว่างเรียน | AX2: สอบปลายปี | AY2: ตัวชี้วัดภาคเรียนที่ 1 | AZ2: ตัวชี้วัดภาคเรียนที่ 2 | BA2: สรุปการประเมิน | BC2: หมายเหตุ | BD2: ชั้นประถมศึกษาปีที่
A3: เลขที่ | C3: ตัวชี้วัดที่ | D3: 1 | E3: 2 | F3: 3 | G3: 4 | H3: 5 | I3: 6 | J3: 7 | K3: 8 | L3: 9 | M3: 10 | N3: 11 | O3: 12 | P3: 13 | Q3: 14 | R3: 15 | S3: 16 | T3: 17 | U3: 18 | V3: 19 | W3: 20 | X3: 21 | Y3: 22 | Z3: เลขที่ | AA3: 23 | AB3: 24 | AC3: 25 | AD3: 26 | AE3: 27 | AF3: 28 | AG3: 29 | AH3: 30 | AI3: 31 | AJ3: 32 | AK3: 33 | AL3: 34 | AM3: 35 | AN3: 36 | AO3: 37 | AP3: 38 | AQ3: 39 | AR3: 40 | BA3: ผ | BB3: มผ | BD3: 3
C4: ชื่อ - นามสกุล | AU4: ภาคเรียน 1 | AW4: ภาคเรียน 2 | AY4: =ข้อมูลพื้นฐาน!F15 -> 0 | AZ4: =ข้อมูลพื้นฐาน!G15 -> 0
A5: =เวลาเรียน1!A7 -> 1 | C5: =เวลาเรียน1!D7 | Z5: =A5 -> 1 | BA5: =IF(A5="","",IF(AY5+AZ5=ข้อมูลพื้นฐาน!$F$15+ข้อมูลพื้นฐาน!$G$15,"/","")) -> / | BB5: =IF(A5="","",IF(BA5="/","","/")) | BC5: =สรุปเวลาเรียน!X5
A6: =เวลาเรียน1!A8 | C6: =เวลาเรียน1!D8 | Z6: =A6 | BA6: =IF(A6="","",IF(AY6+AZ6=ข้อมูลพื้นฐาน!$F$15+ข้อมูลพื้นฐาน!$G$15,"/","")) | BB6: =IF(A6="","",IF(BA6="/","","/")) | BC6: =สรุปเวลาเรียน!X6
A7: =เวลาเรียน1!A9 | C7: =เวลาเรียน1!D9 | Z7: =A7 | BA7: =IF(A7="","",IF(AY7+AZ7=ข้อมูลพื้นฐาน!$F$15+ข้อมูลพื้นฐาน!$G$15,"/","")) | BB7: =IF(A7="","",IF(BA7="/","","/")) | BC7: =สรุปเวลาเรียน!X7
A8: =เวลาเรียน1!A10 | C8: =เวลาเรียน1!D10 | Z8: =A8 | BA8: =IF(A8="","",IF(AY8+AZ8=ข้อมูลพื้นฐาน!$F$15+ข้อมูลพื้นฐาน!$G$15,"/","")) | BB8: =IF(A8="","",IF(BA8="/","","/")) | BC8: =สรุปเวลาเรียน!X8
A9: =เวลาเรียน1!A11 | C9: =เวลาเรียน1!D11 | Z9: =A9 | BA9: =IF(A9="","",IF(AY9+AZ9=ข้อมูลพื้นฐาน!$F$15+ข้อมูลพื้นฐาน!$G$15,"/","")) | BB9: =IF(A9="","",IF(BA9="/","","/")) | BC9: =สรุปเวลาเรียน!X9
A10: =เวลาเรียน1!A12 | C10: =เวลาเรียน1!D12 | Z10: =A10 | BA10: =IF(A10="","",IF(AY10+AZ10=ข้อมูลพื้นฐาน!$F$15+ข้อมูลพื้นฐาน!$G$15,"/","")) | BB10: =IF(A10="","",IF(BA10="/","","/")) | BC10: =สรุปเวลาเรียน!X10
A11: =เวลาเรียน1!A13 | C11: =เวลาเรียน1!D13 | Z11: =A11 | BA11: =IF(A11="","",IF(AY11+AZ11=ข้อมูลพื้นฐาน!$F$15+ข้อมูลพื้นฐาน!$G$15,"/","")) | BB11: =IF(A11="","",IF(BA11="/","","/")) | BC11: =สรุปเวลาเรียน!X11
A12: =เวลาเรียน1!A14 | C12: =เวลาเรียน1!D14 | Z12: =A12 | BA12: =IF(A12="","",IF(AY12+AZ12=ข้อมูลพื้นฐาน!$F$15+ข้อมูลพื้นฐาน!$G$15,"/","")) | BB12: =IF(A12="","",IF(BA12="/","","/")) | BC12: =สรุปเวลาเรียน!X12
A13: =เวลาเรียน1!A15 | C13: =เวลาเรียน1!D15 | Z13: =A13 | BA13: =IF(A13="","",IF(AY13+AZ13=ข้อมูลพื้นฐาน!$F$15+ข้อมูลพื้นฐาน!$G$15,"/","")) | BB13: =IF(A13="","",IF(BA13="/","","/")) | BC13: =สรุปเวลาเรียน!X13
A14: =เวลาเรียน1!A16 | C14: =เวลาเรียน1!D16 | Z14: =A14 | BA14: =IF(A14="","",IF(AY14+AZ14=ข้อมูลพื้นฐาน!$F$15+ข้อมูลพื้นฐาน!$G$15,"/","")) | BB14: =IF(A14="","",IF(BA14="/","","/")) | BC14: =สรุปเวลาเรียน!X14
A15: =เวลาเรียน1!A17 | C15: =เวลาเรียน1!D17 | Z15: =A15 | BA15: =IF(A15="","",IF(AY15+AZ15=ข้อมูลพื้นฐาน!$F$15+ข้อมูลพื้นฐาน!$G$15,"/","")) | BB15: =IF(A15="","",IF(BA15="/","","/")) | BC15: =สรุปเวลาเรียน!X15
A16: =เวลาเรียน1!A18 | C16: =เวลาเรียน1!D18 | Z16: =A16 | BA16: =IF(A16="","",IF(AY16+AZ16=ข้อมูลพื้นฐาน!$F$15+ข้อมูลพื้นฐาน!$G$15,"/","")) | BB16: =IF(A16="","",IF(BA16="/","","/")) | BC16: =สรุปเวลาเรียน!X16
... A54: =เวลาเรียน1!A56 | C54: =เวลาเรียน1!D56 | Z54: =A54 | BA54: =IF(A54="","",IF(AY54+AZ54=ข้อมูลพื้นฐาน!$F$15+ข้อมูลพื้นฐาน!$G$15,"/","")) | BB54: =IF(A54="","",IF(BA54="/","","/")) | BC54: =สรุปเวลาเรียน!X54
A56: ="ผลการประเมินตัวชี้วัด รายวิชา"&ข้อมูลพื้นฐาน!A16&" รหัสวิชา "&ข้อมูลพื้นฐาน!C16 -> ผลการประเมินตัวชี้วัด รายวิชาคณิตศาสตร์ รหัสวิชา | Z56: =A56 -> ผลการประเมินตัวชี้วัด รายวิชาคณิตศาสตร์ รหัสวิชา | BD56: 2
A57: มาตรฐานที่ | D57: =VLOOKUP($BD$3,ตัวชี้วัดประถมศึกษา!$A$10:$AP$15,2,FALSE)&"" -> ค 1.1 ป.3/1 | E57: =VLOOKUP($BD$3,ตัวชี้วัดประถมศึกษา!$A$10:$AP$15,3,FALSE)&"" -> ค 1.1 ป.3/2 | F57: =VLOOKUP($BD$3,ตัวชี้วัดประถมศึกษา!$A$10:$AP$15,4,FALSE)&"" -> ค 1.1 ป.3/3 | G57: =VLOOKUP($BD$3,ตัวชี้วัดประถมศึกษา!$A$10:$AP$15,5,FALSE)&"" -> ค 1.1 ป.3/4 | H57: =VLOOKUP($BD$3,ตัวชี้วัดประถมศึกษา!$A$10:$AP$15,6,FALSE)&"" -> ค 1.1 ป.3/5 | I57: =VLOOKUP($BD$3,ตัวชี้วัดประถมศึกษา!$A$10:$AP$15,7,FALSE)&"" -> ค 1.1 ป.3/6 | J57: =VLOOKUP($BD$3,ตัวชี้วัดประถมศึกษา!$A$10:$AP$15,8,FALSE)&"" -> ค 1.1 ป.3/7 | K57: =VLOOKUP($BD$3,ตัวชี้วัดประถมศึกษา!$A$10:$AP$15,9,FALSE)&"" -> ค 1.1 ป.3/8 | L57: =VLOOKUP($BD$3,ตัวชี้วัดประถมศึกษา!$A$10:$AP$15,10,FALSE)&"" -> ค 1.1 ป.3/9 | M57: =VLOOKUP($BD$3,ตัวชี้วัดประถมศึกษา!$A$10:$AP$15,11,FALSE)&"" -> ค 1.1 ป.3/10 | N57: =VLOOKUP($BD$3,ตัวชี้วัดประถมศึกษา!$A$10:$AP$15,12,FALSE)&"" -> ค 1.1 ป.3/11 | O57: =VLOOKUP($BD$3,ตัวชี้วัดประถมศึกษา!$A$10:$AN$15,13,FALSE)&"" -> ค 1.2 ป.3/1 | P57: =VLOOKUP($BD$3,ตัวชี้วัดประถมศึกษา!$A$10:$AN$15,14,FALSE)&"" -> ค 2.1 ป.3/1 | Q57: =VLOOKUP($BD$3,ตัวชี้วัดประถมศึกษา!$A$10:$AN$15,15,FALSE)&"" -> ค 2.1 ป.3/2 | R57: =VLOOKUP($BD$3,ตัวชี้วัดประถมศึกษา!$A$10:$AN$15,16,FALSE)&"" -> ค 2.1 ป.3/3 | S57: =VLOOKUP($BD$3,ตัวชี้วัดประถมศึกษา!$A$10:$AN$15,17,FALSE)&"" -> ค 2.1 ป.3/4 | T57: =VLOOKUP($BD$3,ตัวชี้วัดประถมศึกษา!$A$10:$AN$15,18,FALSE)&"" -> ค 2.1 ป.3/5 | U57: =VLOOKUP($BD$3,ตัวชี้วัดประถมศึกษา!$A$10:$AN$15,19,FALSE)&"" -> ค 2.1 ป.3/6 | V57: =VLOOKUP($BD$3,ตัวชี้วัดประถมศึกษา!$A$10:$AN$15,20,FALSE)&"" -> ค 2.1 ป.3/7 | W57: =VLOOKUP($BD$3,ตัวชี้วัดประถมศึกษา!$A$10:$AN$15,21,FALSE)&"" -> ค 2.1 ป.3/8 | X57: =VLOOKUP($BD$3,ตัวชี้วัดประถมศึกษา!$A$10:$AN$15,22,FALSE)&"" -> ค 2.1 ป.3/9 | Y57: =VLOOKUP($BD$3,ตัวชี้วัดประถมศึกษา!$A$10:$AN$15,23,FALSE)&"" -> ค 2.1 ป.3/10 | AA57: =VLOOKUP($BD$3,ตัวชี้วัดประถมศึกษา!$A$10:$AN$15,24,FALSE)&"" -> ค 2.1 ป.3/11 | AB57: =VLOOKUP($BD$3,ตัวชี้วัดประถมศึกษา!$A$10:$AN$15,25,FALSE)&"" -> ค 2.1 ป.3/12 | AC57: =VLOOKUP($BD$3,ตัวชี้วัดประถมศึกษา!$A$10:$AN$15,26,FALSE)&"" -> ค 2.1 ป.3/13 | AD57: =VLOOKUP($BD$3,ตัวชี้วัดประถมศึกษา!$A$10:$AN$15,27,FALSE)&"" -> ค 2.2 ป.3/1 | AE57: =VLOOKUP($BD$3,ตัวชี้วัดประถมศึกษา!$A$10:$AN$15,28,FALSE)&"" -> ค 3.1 ป.3/1 | AF57: =VLOOKUP($BD$3,ตัวชี้วัดประถมศึกษา!$A$10:$AN$15,29,FALSE)&"" -> ค 3.1 ป.3/2 | AG57: =VLOOKUP($BD$3,ตัวชี้วัดประถมศึกษา!$A$10:$AN$15,30,FALSE)&"" | AH57: =VLOOKUP($BD$3,ตัวชี้วัดประถมศึกษา!$A$10:$AN$15,31,FALSE)&"" | AI57: =VLOOKUP($BD$3,ตัวชี้วัดประถมศึกษา!$A$10:$AN$15,32,FALSE)&"" | AJ57: =VLOOKUP($BD$3,ตัวชี้วัดประถมศึกษา!$A$10:$AN$15,33,FALSE)&"" | AK57: =VLOOKUP($BD$3,ตัวชี้วัดประถมศึกษา!$A$10:$AN$15,34,FALSE)&"" | AL57: =VLOOKUP($BD$3,ตัวชี้วัดประถมศึกษา!$A$10:$AN$15,35,FALSE)&"" | AM57: =VLOOKUP($BD$3,ตัวชี้วัดประถมศึกษา!$A$10:$AP$15,36,FALSE)&"" | AN57: =VLOOKUP($BD$3,ตัวชี้วัดประถมศึกษา!$A$10:$AP$15,37,FALSE)&"" | AO57: =VLOOKUP($BD$3,ตัวชี้วัดประถมศึกษา!$A$10:$AP$15,38,FALSE)&"" | AP57: =VLOOKUP($BD$3,ตัวชี้วัดประถมศึกษา!$A$10:$AP$15,39,FALSE)&"" | AQ57: =VLOOKUP($BD$3,ตัวชี้วัดประถมศึกษา!$A$10:$AP$15,40,FALSE)&"" | AR57: =VLOOKUP($BD$3,ตัวชี้วัดประถมศึกษา!$A$10:$AP$15,41,FALSE)&"" | AS57: สอบกลางภาคเรียนที่ 1 | AT57: สอบกลางภาคเรียนที่ 2 | AU57: รวมคะแนนระหว่างเรียน | AV57: สอบปลายภาคเรียนที่ 1 | AW57: รวมคะแนนระหว่างเรียน | AX57: สอบปลายปี | AY57: ตัวชี้วัดภาคเรียนที่ 1 | AZ57: ตัวชี้วัดภาคเรียนที่ 2 | BA57: สรุปการประเมิน | BC57: หมายเหตุ
A58: เลขที่ | C58: ตัวชี้วัดที่ | D58: 1 | E58: 2 | F58: 3 | G58: 4 | H58: 5 | I58: 6 | J58: 7 | K58: 8 | L58: 9 | M58: 10 | N58: 11 | O58: 12 | P58: 13 | Q58: 14 | R58: 15 | S58: 16 | T58: 17 | U58: 18 | V58: 19 | W58: 20 | X58: 21 | Y58: 22 | Z58: เลขที่ | AA58: 23 | AB58: 24 | AC58: 25 | AD58: 26 | AE58: 27 | AF58: 28 | AG58: 29 | AH58: 30 | AI58: 31 | AJ58: 32 | AK58: 33 | AL58: 34 | AM58: 35 | AN58: 36 | AO58: 37 | AP58: 38 | AQ58: 39 | AR58: 40 | BA58: ผ | BB58: มผ
C59: ชื่อ - นามสกุล | AU59: ภาคเรียน 1 | AW59: ภาคเรียน 2 | AY59: =ข้อมูลพื้นฐาน!F16 -> 0 | AZ59: =ข้อมูลพื้นฐาน!G16 -> 0
A60: =เวลาเรียน1!A7 -> 1 | C60: =น้ำหนักส่วนสูง!B3 | Z60: =A60 -> 1 | BA60: =IF(A60="","",IF(AY60+AZ60=ข้อมูลพื้นฐาน!$F$16+ข้อมูลพื้นฐาน!$G$16,"/","")) -> / | BB60: =IF(A60="","",IF(BA60="/","","/")) | BC60: =สรุปเวลาเรียน!X5
A61: =เวลาเรียน1!A8 | C61: =น้ำหนักส่วนสูง!B4 | Z61: =A61 | BA61: =IF(A61="","",IF(AY61+AZ61=ข้อมูลพื้นฐาน!$F$16+ข้อมูลพื้นฐาน!$G$16,"/","")) | BB61: =IF(A61="","",IF(BA61="/","","/")) | BC61: =สรุปเวลาเรียน!X6
A62: =เวลาเรียน1!A9 | C62: =น้ำหนักส่วนสูง!B5 | Z62: =A62 | BA62: =IF(A62="","",IF(AY62+AZ62=ข้อมูลพื้นฐาน!$F$16+ข้อมูลพื้นฐาน!$G$16,"/","")) | BB62: =IF(A62="","",IF(BA62="/","","/")) | BC62: =สรุปเวลาเรียน!X7
A63: =เวลาเรียน1!A10 | C63: =น้ำหนักส่วนสูง!B6 | Z63: =A63 | BA63: =IF(A63="","",IF(AY63+AZ63=ข้อมูลพื้นฐาน!$F$16+ข้อมูลพื้นฐาน!$G$16,"/","")) | BB63: =IF(A63="","",IF(BA63="/","","/")) | BC63: =สรุปเวลาเรียน!X8
A64: =เวลาเรียน1!A11 | C64: =น้ำหนักส่วนสูง!B7 | Z64: =A64 | BA64: =IF(A64="","",IF(AY64+AZ64=ข้อมูลพื้นฐาน!$F$16+ข้อมูลพื้นฐาน!$G$16,"/","")) | BB64: =IF(A64="","",IF(BA64="/","","/")) | BC64: =สรุปเวลาเรียน!X9
A65: =เวลาเรียน1!A12 | C65: =น้ำหนักส่วนสูง!B8 | Z65: =A65 | BA65: =IF(A65="","",IF(AY65+AZ65=ข้อมูลพื้นฐาน!$F$16+ข้อมูลพื้นฐาน!$G$16,"/","")) | BB65: =IF(A65="","",IF(BA65="/","","/")) | BC65: =สรุปเวลาเรียน!X10
A66: =เวลาเรียน1!A13 | C66: =น้ำหนักส่วนสูง!B9 | Z66: =A66 | BA66: =IF(A66="","",IF(AY66+AZ66=ข้อมูลพื้นฐาน!$F$16+ข้อมูลพื้นฐาน!$G$16,"/","")) | BB66: =IF(A66="","",IF(BA66="/","","/")) | BC66: =สรุปเวลาเรียน!X11
A67: =เวลาเรียน1!A14 | C67: =น้ำหนักส่วนสูง!B10 | Z67: =A67 | BA67: =IF(A67="","",IF(AY67+AZ67=ข้อมูลพื้นฐาน!$F$16+ข้อมูลพื้นฐาน!$G$16,"/","")) | BB67: =IF(A67="","",IF(BA67="/","","/")) | BC67: =สรุปเวลาเรียน!X12
A68: =เวลาเรียน1!A15 | C68: =น้ำหนักส่วนสูง!B11 | Z68: =A68 | BA68: =IF(A68="","",IF(AY68+AZ68=ข้อมูลพื้นฐาน!$F$16+ข้อมูลพื้นฐาน!$G$16,"/","")) | BB68: =IF(A68="","",IF(BA68="/","","/")) | BC68: =สรุปเวลาเรียน!X13
A69: =เวลาเรียน1!A16 | C69: =น้ำหนักส่วนสูง!B12 | Z69: =A69 | BA69: =IF(A69="","",IF(AY69+AZ69=ข้อมูลพื้นฐาน!$F$16+ข้อมูลพื้นฐาน!$G$16,"/","")) | BB69: =IF(A69="","",IF(BA69="/","","/")) | BC69: =สรุปเวลาเรียน!X14
A70: =เวลาเรียน1!A17 | C70: =น้ำหนักส่วนสูง!B13 | Z70: =A70 | BA70: =IF(A70="","",IF(AY70+AZ70=ข้อมูลพื้นฐาน!$F$16+ข้อมูลพื้นฐาน!$G$16,"/","")) | BB70: =IF(A70="","",IF(BA70="/","","/")) | BC70: =สรุปเวลาเรียน!X15
A71: =เวลาเรียน1!A18 | C71: =น้ำหนักส่วนสูง!B14 | Z71: =A71 | BA71: =IF(A71="","",IF(AY71+AZ71=ข้อมูลพื้นฐาน!$F$16+ข้อมูลพื้นฐาน!$G$16,"/","")) | BB71: =IF(A71="","",IF(BA71="/","","/")) | BC71: =สรุปเวลาเรียน!X16
... A109: =เวลาเรียน1!A56 | C109: =น้ำหนักส่วนสูง!B52 | Z109: =A109 | BA109: =IF(A109="","",IF(AY109+AZ109=ข้อมูลพื้นฐาน!$F$16+ข้อมูลพื้นฐาน!$G$16,"/","")) | BB109: =IF(A109="","",IF(BA109="/","","/")) | BC109: =สรุปเวลาเรียน!X54
A111: ="ผลการประเมินตัวชี้วัด รายวิชา"&ข้อมูลพื้นฐาน!A17&" รหัสวิชา "&ข้อมูลพื้นฐาน!C17 -> ผลการประเมินตัวชี้วัด รายวิชาวิทยาศาสตร์และเทคโนโลยี รหัสวิชา | Z111: =A111 -> ผลการประเมินตัวชี้วัด รายวิชาวิทยาศาสตร์และเทคโนโลยี รหัสวิชา | BD111: 3
A112: มาตรฐานที่ | D112: =VLOOKUP($BD$3,ตัวชี้วัดประถมศึกษา!$A$17:$AP$22,2,FALSE)&"" -> ว 1.2 ป.3/1 | E112: =VLOOKUP($BD$3,ตัวชี้วัดประถมศึกษา!$A$17:$AP$22,3,FALSE)&"" -> ว 1.2 ป.3/2 | F112: =VLOOKUP($BD$3,ตัวชี้วัดประถมศึกษา!$A$17:$AP$22,4,FALSE)&"" -> ว 1.2 ป.3/3 | G112: =VLOOKUP($BD$3,ตัวชี้วัดประถมศึกษา!$A$17:$AP$22,5,FALSE)&"" -> ว 1.2 ป.3/4 | H112: =VLOOKUP($BD$3,ตัวชี้วัดประถมศึกษา!$A$17:$AP$22,6,FALSE)&"" -> ว 2.1 ป.3/1 | I112: =VLOOKUP($BD$3,ตัวชี้วัดประถมศึกษา!$A$17:$AP$22,7,FALSE)&"" -> ว 2.1 ป.3/2 | J112: =VLOOKUP($BD$3,ตัวชี้วัดประถมศึกษา!$A$17:$AP$22,8,FALSE)&"" -> ว2.2 ป.3/1 | K112: =VLOOKUP($BD$3,ตัวชี้วัดประถมศึกษา!$A$17:$AP$22,9,FALSE)&"" -> ว2.2 ป.3/2 | L112: =VLOOKUP($BD$3,ตัวชี้วัดประถมศึกษา!$A$17:$AP$22,10,FALSE)&"" -> ว2.2 ป.3/3 | M112: =VLOOKUP($BD$3,ตัวชี้วัดประถมศึกษา!$A$17:$AP$22,11,FALSE)&"" -> ว2.2 ป.3/4 | N112: =VLOOKUP($BD$3,ตัวชี้วัดประถมศึกษา!$A$17:$AP$22,12,FALSE)&"" -> ว2.3 ป.3/1 | O112: =VLOOKUP($BD$3,ตัวชี้วัดประถมศึกษา!$A$17:$AP$22,13,FALSE)&"" -> ว2.3 ป.3/2 | P112: =VLOOKUP($BD$3,ตัวชี้วัดประถมศึกษา!$A$17:$AP$22,14,FALSE)&"" -> ว2.3 ป.3/3 | Q112: =VLOOKUP($BD$3,ตัวชี้วัดประถมศึกษา!$A$17:$AP$22,15,FALSE)&"" -> ว3.1 ป.3/1 | R112: =VLOOKUP($BD$3,ตัวชี้วัดประถมศึกษา!$A$17:$AP$22,16,FALSE)&"" -> ว3.1 ป.3/2 | S112: =VLOOKUP($BD$3,ตัวชี้วัดประถมศึกษา!$A$17:$AP$22,17,FALSE)&"" -> ว3.1 ป.3/3 | T112: =VLOOKUP($BD$3,ตัวชี้วัดประถมศึกษา!$A$17:$AP$22,18,FALSE)&"" -> ว.3.2 ป3/1 | U112: =VLOOKUP($BD$3,ตัวชี้วัดประถมศึกษา!$A$17:$AP$22,19,FALSE)&"" -> ว.3.2 ป3/2 | V112: =VLOOKUP($BD$3,ตัวชี้วัดประถมศึกษา!$A$17:$AP$22,20,FALSE)&"" -> ว.3.2 ป3/3 | W112: =VLOOKUP($BD$3,ตัวชี้วัดประถมศึกษา!$A$17:$AP$22,21,FALSE)&"" -> ว.3.2 ป3/4 | X112: =VLOOKUP($BD$3,ตัวชี้วัดประถมศึกษา!$A$17:$AP$22,22,FALSE)&"" -> ว4.2 ป.3/1 | Y112: =VLOOKUP($BD$3,ตัวชี้วัดประถมศึกษา!$A$17:$AP$22,23,FALSE)&"" -> ว4.2 ป.3/2 | AA112: =VLOOKUP($BD$3,ตัวชี้วัดประถมศึกษา!$A$17:$AP$22,24,FALSE)&"" -> ว4.2 ป.3/3 | AB112: =VLOOKUP($BD$3,ตัวชี้วัดประถมศึกษา!$A$17:$AP$22,25,FALSE)&"" -> ว4.2 ป.3/4 | AC112: =VLOOKUP($BD$3,ตัวชี้วัดประถมศึกษา!$A$17:$AP$22,26,FALSE)&"" -> ว4.2 ป.3/5 | AD112: =VLOOKUP($BD$3,ตัวชี้วัดประถมศึกษา!$A$17:$AP$22,27,FALSE)&"" | AE112: =VLOOKUP($BD$3,ตัวชี้วัดประถมศึกษา!$A$17:$AP$22,28,FALSE)&"" | AF112: =VLOOKUP($BD$3,ตัวชี้วัดประถมศึกษา!$A$17:$AP$22,29,FALSE)&"" | AG112: =VLOOKUP($BD$3,ตัวชี้วัดประถมศึกษา!$A$17:$AP$22,30,FALSE)&"" | AH112: =VLOOKUP($BD$3,ตัวชี้วัดประถมศึกษา!$A$17:$AP$22,31,FALSE)&"" | AI112: =VLOOKUP($BD$3,ตัวชี้วัดประถมศึกษา!$A$17:$AP$22,32,FALSE)&"" | AJ112: =VLOOKUP($BD$3,ตัวชี้วัดประถมศึกษา!$A$17:$AP$22,33,FALSE)&"" | AK112: =VLOOKUP($BD$3,ตัวชี้วัดประถมศึกษา!$A$17:$AP$22,34,FALSE)&"" | AL112: =VLOOKUP($BD$3,ตัวชี้วัดประถมศึกษา!$A$17:$AP$22,35,FALSE)&"" | AM112: =VLOOKUP($BD$3,ตัวชี้วัดประถมศึกษา!$A$17:$AP$22,36,FALSE)&"" | AN112: =VLOOKUP($BD$3,ตัวชี้วัดประถมศึกษา!$A$17:$AP$22,37,FALSE)&"" | AO112: =VLOOKUP($BD$3,ตัวชี้วัดประถมศึกษา!$A$17:$AP$22,38,FALSE)&"" | AP112: =VLOOKUP($BD$3,ตัวชี้วัดประถมศึกษา!$A$17:$AP$22,39,FALSE)&"" | AQ112: =VLOOKUP($BD$3,ตัวชี้วัดประถมศึกษา!$A$17:$AP$22,40,FALSE)&"" | AR112: =VLOOKUP($BD$3,ตัวชี้วัดประถมศึกษา!$A$17:$AP$22,41,FALSE)&"" | AS112: สอบกลางภาคเรียนที่ 1 | AT112: สอบกลางภาคเรียนที่ 2 | AU112: รวมคะแนนระหว่างเรียน | AV112: สอบปลายภาคเรียนที่ 1 | AW112: รวมคะแนนระหว่างเรียน | AX112: สอบปลายปี | AY112: ตัวชี้วัดภาคเรียนที่ 1 | AZ112: ตัวชี้วัดภาคเรียนที่ 2 | BA112: สรุปการประเมิน | BC112: หมายเหตุ
A113: เลขที่ | C113: ตัวชี้วัดที่ | D113: 1 | E113: 2 | F113: 3 | G113: 4 | H113: 5 | I113: 6 | J113: 7 | K113: 8 | L113: 9 | M113: 10 | N113: 11 | O113: 12 | P113: 13 | Q113: 14 | R113: 15 | S113: 16 | T113: 17 | U113: 18 | V113: 19 | W113: 20 | X113: 21 | Y113: 22 | Z113: เลขที่ | AA113: 23 | AB113: 24 | AC113: 25 | AD113: 26 | AE113: 27 | AF113: 28 | AG113: 29 | AH113: 30 | AI113: 31 | AJ113: 32 | AK113: 33 | AL113: 34 | AM113: 35 | AN113: 36 | AO113: 37 | AP113: 38 | AQ113: 39 | AR113: 40 | BA113: ผ | BB113: มผ
C114: ชื่อ - นามสกุล | AU114: ภาคเรียน 1 | AW114: ภาคเรียน 2 | AY114: =ข้อมูลพื้นฐาน!F17 -> 0 | AZ114: =ข้อมูลพื้นฐาน!G17 -> 0
A115: =เวลาเรียน1!A7 -> 1 | C115: =น้ำหนักส่วนสูง!B3 | Z115: =A115 -> 1 | BA115: =IF(A115="","",IF(AY115+AZ115=ข้อมูลพื้นฐาน!$F$17+ข้อมูลพื้นฐาน!$G$17,"/","")) -> / | BB115: =IF(A115="","",IF(BA115="/","","/")) | BC115: =สรุปเวลาเรียน!X5
A116: =เวลาเรียน1!A8 | C116: =น้ำหนักส่วนสูง!B4 | Z116: =A116 | BA116: =IF(A116="","",IF(AY116+AZ116=ข้อมูลพื้นฐาน!$F$17+ข้อมูลพื้นฐาน!$G$17,"/","")) | BB116: =IF(A116="","",IF(BA116="/","","/")) | BC116: =สรุปเวลาเรียน!X6
A117: =เวลาเรียน1!A9 | C117: =น้ำหนักส่วนสูง!B5 | Z117: =A117 | BA117: =IF(A117="","",IF(AY117+AZ117=ข้อมูลพื้นฐาน!$F$17+ข้อมูลพื้นฐาน!$G$17,"/","")) | BB117: =IF(A117="","",IF(BA117="/","","/")) | BC117: =สรุปเวลาเรียน!X7
A118: =เวลาเรียน1!A10 | C118: =น้ำหนักส่วนสูง!B6 | Z118: =A118 | BA118: =IF(A118="","",IF(AY118+AZ118=ข้อมูลพื้นฐาน!$F$17+ข้อมูลพื้นฐาน!$G$17,"/","")) | BB118: =IF(A118="","",IF(BA118="/","","/")) | BC118: =สรุปเวลาเรียน!X8
A119: =เวลาเรียน1!A11 | C119: =น้ำหนักส่วนสูง!B7 | Z119: =A119 | BA119: =IF(A119="","",IF(AY119+AZ119=ข้อมูลพื้นฐาน!$F$17+ข้อมูลพื้นฐาน!$G$17,"/","")) | BB119: =IF(A119="","",IF(BA119="/","","/")) | BC119: =สรุปเวลาเรียน!X9
A120: =เวลาเรียน1!A12 | C120: =น้ำหนักส่วนสูง!B8 | Z120: =A120 | BA120: =IF(A120="","",IF(AY120+AZ120=ข้อมูลพื้นฐาน!$F$17+ข้อมูลพื้นฐาน!$G$17,"/","")) | BB120: =IF(A120="","",IF(BA120="/","","/")) | BC120: =สรุปเวลาเรียน!X10
A121: =เวลาเรียน1!A13 | C121: =น้ำหนักส่วนสูง!B9 | Z121: =A121 | BA121: =IF(A121="","",IF(AY121+AZ121=ข้อมูลพื้นฐาน!$F$17+ข้อมูลพื้นฐาน!$G$17,"/","")) | BB121: =IF(A121="","",IF(BA121="/","","/")) | BC121: =สรุปเวลาเรียน!X11
A122: =เวลาเรียน1!A14 | C122: =น้ำหนักส่วนสูง!B10 | Z122: =A122 | BA122: =IF(A122="","",IF(AY122+AZ122=ข้อมูลพื้นฐาน!$F$17+ข้อมูลพื้นฐาน!$G$17,"/","")) | BB122: =IF(A122="","",IF(BA122="/","","/")) | BC122: =สรุปเวลาเรียน!X12
A123: =เวลาเรียน1!A15 | C123: =น้ำหนักส่วนสูง!B11 | Z123: =A123 | BA123: =IF(A123="","",IF(AY123+AZ123=ข้อมูลพื้นฐาน!$F$17+ข้อมูลพื้นฐาน!$G$17,"/","")) | BB123: =IF(A123="","",IF(BA123="/","","/")) | BC123: =สรุปเวลาเรียน!X13
A124: =เวลาเรียน1!A16 | C124: =น้ำหนักส่วนสูง!B12 | Z124: =A124 | BA124: =IF(A124="","",IF(AY124+AZ124=ข้อมูลพื้นฐาน!$F$17+ข้อมูลพื้นฐาน!$G$17,"/","")) | BB124: =IF(A124="","",IF(BA124="/","","/")) | BC124: =สรุปเวลาเรียน!X14
A125: =เวลาเรียน1!A17 | C125: =น้ำหนักส่วนสูง!B13 | Z125: =A125 | BA125: =IF(A125="","",IF(AY125+AZ125=ข้อมูลพื้นฐาน!$F$17+ข้อมูลพื้นฐาน!$G$17,"/","")) | BB125: =IF(A125="","",IF(BA125="/","","/")) | BC125: =สรุปเวลาเรียน!X15
A126: =เวลาเรียน1!A18 | C126: =น้ำหนักส่วนสูง!B14 | Z126: =A126 | BA126: =IF(A126="","",IF(AY126+AZ126=ข้อมูลพื้นฐาน!$F$17+ข้อมูลพื้นฐาน!$G$17,"/","")) | BB126: =IF(A126="","",IF(BA126="/","","/")) | BC126: =สรุปเวลาเรียน!X16
... A164: =เวลาเรียน1!A56 | C164: =น้ำหนักส่วนสูง!B52 | Z164: =A164 | BA164: =IF(A164="","",IF(AY164+AZ164=ข้อมูลพื้นฐาน!$F$17+ข้อมูลพื้นฐาน!$G$17,"/","")) | BB164: =IF(A164="","",IF(BA164="/","","/")) | BC164: =สรุปเวลาเรียน!X54
A166: ="ผลการประเมินตัวชี้วัด รายวิชา"&ข้อมูลพื้นฐาน!A18&" รหัสวิชา "&ข้อมูลพื้นฐาน!C18 -> ผลการประเมินตัวชี้วัด รายวิชาสังคมศึกษา ศาสนา และวัฒนธรรม รหัสวิชา | Z166: =A166 -> ผลการประเมินตัวชี้วัด รายวิชาสังคมศึกษา ศาสนา และวัฒนธรรม รหัสวิชา | BD166: 4
A167: มาตรฐานที่ | D167: =VLOOKUP($BD$3,ตัวชี้วัดประถมศึกษา!$A$24:$AP$29,2,FALSE)&"" -> ส 1.1 ป.3/1 | E167: =VLOOKUP($BD$3,ตัวชี้วัดประถมศึกษา!$A$24:$AP$29,3,FALSE)&"" -> ส 1.1 ป.3/2 | F167: =VLOOKUP($BD$3,ตัวชี้วัดประถมศึกษา!$A$24:$AP$29,4,FALSE)&"" -> ส 1.1 ป.3/3 | G167: =VLOOKUP($BD$3,ตัวชี้วัดประถมศึกษา!$A$24:$AP$29,5,FALSE)&"" -> ส 1.1 ป.3/4 | H167: =VLOOKUP($BD$3,ตัวชี้วัดประถมศึกษา!$A$24:$AP$29,6,FALSE)&"" -> ส 1.1 ป.3/5 | I167: =VLOOKUP($BD$3,ตัวชี้วัดประถมศึกษา!$A$24:$AP$29,7,FALSE)&"" -> ส 1.1 ป.3/6 | J167: =VLOOKUP($BD$3,ตัวชี้วัดประถมศึกษา!$A$24:$AP$29,8,FALSE)&"" -> ส 1.1 ป.3/7 | K167: =VLOOKUP($BD$3,ตัวชี้วัดประถมศึกษา!$A$24:$AP$29,9,FALSE)&"" -> ส 1.2 ป.3/1 | L167: =VLOOKUP($BD$3,ตัวชี้วัดประถมศึกษา!$A$24:$AP$29,10,FALSE)&"" -> ส 1.2 ป.3/2 | M167: =VLOOKUP($BD$3,ตัวชี้วัดประถมศึกษา!$A$24:$AP$29,11,FALSE)&"" -> ส 1.2 ป.3/3 | N167: =VLOOKUP($BD$3,ตัวชี้วัดประถมศึกษา!$A$24:$AP$29,12,FALSE)&"" -> ส 2.1 ป.3/1 | O167: =VLOOKUP($BD$3,ตัวชี้วัดประถมศึกษา!$A$24:$AP$29,13,FALSE)&"" -> ส 2.1 ป.3/2 | P167: =VLOOKUP($BD$3,ตัวชี้วัดประถมศึกษา!$A$24:$AP$29,14,FALSE)&"" -> ส 2.1 ป.3/3 | Q167: =VLOOKUP($BD$3,ตัวชี้วัดประถมศึกษา!$A$24:$AP$29,15,FALSE)&"" -> ส 2.1 ป.3/4 | R167: =VLOOKUP($BD$3,ตัวชี้วัดประถมศึกษา!$A$24:$AP$29,16,FALSE)&"" -> ส 2.2 ป.3/1 | S167: =VLOOKUP($BD$3,ตัวชี้วัดประถมศึกษา!$A$24:$AP$29,17,FALSE)&"" -> ส 2.2 ป.3/2 | T167: =VLOOKUP($BD$3,ตัวชี้วัดประถมศึกษา!$A$24:$AP$29,18,FALSE)&"" -> ส 2.2 ป.3/3 | U167: =VLOOKUP($BD$3,ตัวชี้วัดประถมศึกษา!$A$24:$AP$29,19,FALSE)&"" -> ส 3.1 ป.3/1 | V167: =VLOOKUP($BD$3,ตัวชี้วัดประถมศึกษา!$A$24:$AP$29,20,FALSE)&"" -> ส 3.1 ป.3/2 | W167: =VLOOKUP($BD$3,ตัวชี้วัดประถมศึกษา!$A$24:$AP$29,21,FALSE)&"" -> ส 3.1 ป.3/3 | X167: =VLOOKUP($BD$3,ตัวชี้วัดประถมศึกษา!$A$24:$AP$29,22,FALSE)&"" -> ส 3.2 ป.3/1 | Y167: =VLOOKUP($BD$3,ตัวชี้วัดประถมศึกษา!$A$24:$AP$29,23,FALSE)&"" -> ส 3.2 ป.3/2 | AA167: =VLOOKUP($BD$3,ตัวชี้วัดประถมศึกษา!$A$24:$AP$29,24,FALSE)&"" -> ส 3.2 ป.3/3 | AB167: =VLOOKUP($BD$3,ตัวชี้วัดประถมศึกษา!$A$24:$AP$29,25,FALSE)&"" -> ส 5.1 ป.3/1 | AC167: =VLOOKUP($BD$3,ตัวชี้วัดประถมศึกษา!$A$24:$AP$29,26,FALSE)&"" -> ส 5.1 ป.3/2 | AD167: =VLOOKUP($BD$3,ตัวชี้วัดประถมศึกษา!$A$24:$AP$29,27,FALSE)&"" -> ส 5.2 ป.3/1 | AE167: =VLOOKUP($BD$3,ตัวชี้วัดประถมศึกษา!$A$24:$AP$29,28,FALSE)&"" -> ส 5.2 ป.3/2 | AF167: =VLOOKUP($BD$3,ตัวชี้วัดประถมศึกษา!$A$24:$AP$29,29,FALSE)&"" -> ส 5.2 ป.3/3 | AG167: =VLOOKUP($BD$3,ตัวชี้วัดประถมศึกษา!$A$24:$AP$29,30,FALSE)&"" -> ส 5.2 ป.3/4 | AH167: =VLOOKUP($BD$3,ตัวชี้วัดประถมศึกษา!$A$24:$AP$29,31,FALSE)&"" -> ส 5.2 ป.3/5 | AI167: =VLOOKUP($BD$3,ตัวชี้วัดประถมศึกษา!$A$24:$AP$29,32,FALSE)&"" -> ส 5.2 ป.3/6 | AJ167: =VLOOKUP($BD$3,ตัวชี้วัดประถมศึกษา!$A$24:$AP$29,33,FALSE)&"" | AK167: =VLOOKUP($BD$3,ตัวชี้วัดประถมศึกษา!$A$24:$AP$29,34,FALSE)&"" | AL167: =VLOOKUP($BD$3,ตัวชี้วัดประถมศึกษา!$A$24:$AP$29,35,FALSE)&"" | AM167: =VLOOKUP($BD$3,ตัวชี้วัดประถมศึกษา!$A$24:$AP$29,36,FALSE)&"" | AN167: =VLOOKUP($BD$3,ตัวชี้วัดประถมศึกษา!$A$24:$AP$29,37,FALSE)&"" | AO167: =VLOOKUP($BD$3,ตัวชี้วัดประถมศึกษา!$A$24:$AP$29,38,FALSE)&"" | AP167: =VLOOKUP($BD$3,ตัวชี้วัดประถมศึกษา!$A$24:$AP$29,39,FALSE)&"" | AQ167: =VLOOKUP($BD$3,ตัวชี้วัดประถมศึกษา!$A$24:$AP$29,40,FALSE)&"" | AR167: =VLOOKUP($BD$3,ตัวชี้วัดประถมศึกษา!$A$24:$AP$29,41,FALSE)&"" | AS167: สอบกลางภาคเรียนที่ 1 | AT167: สอบกลางภาคเรียนที่ 2 | AU167: รวมคะแนนระหว่างเรียน | AV167: สอบปลายภาคเรียนที่ 1 | AW167: รวมคะแนนระหว่างเรียน | AX167: สอบปลายปี | AY167: ตัวชี้วัดภาคเรียนที่ 1 | AZ167: ตัวชี้วัดภาคเรียนที่ 2 | BA167: สรุปการประเมิน | BC167: หมายเหตุ
A168: เลขที่ | C168: ตัวชี้วัดที่ | D168: 1 | E168: 2 | F168: 3 | G168: 4 | H168: 5 | I168: 6 | J168: 7 | K168: 8 | L168: 9 | M168: 10 | N168: 11 | O168: 12 | P168: 13 | Q168: 14 | R168: 15 | S168: 16 | T168: 17 | U168: 18 | V168: 19 | W168: 20 | X168: 21 | Y168: 22 | Z168: เลขที่ | AA168: 23 | AB168: 24 | AC168: 25 | AD168: 26 | AE168: 27 | AF168: 28 | AG168: 29 | AH168: 30 | AI168: 31 | AJ168: 32 | AK168: 33 | AL168: 34 | AM168: 35 | AN168: 36 | AO168: 37 | AP168: 38 | AQ168: 39 | AR168: 40 | BA168: ผ | BB168: มผ
C169: ชื่อ - นามสกุล | AU169: ภาคเรียน 1 | AW169: ภาคเรียน 2 | AY169: =ข้อมูลพื้นฐาน!F18 -> 0 | AZ169: =ข้อมูลพื้นฐาน!G18 -> 0
A170: =เวลาเรียน1!A7 -> 1 | C170: =น้ำหนักส่วนสูง!B3 | Z170: =A170 -> 1 | BA170: =IF(A170="","",IF(AY170+AZ170=ข้อมูลพื้นฐาน!$F$18+ข้อมูลพื้นฐาน!$G$18,"/","")) -> / | BB170: =IF(A170="","",IF(BA170="/","","/")) | BC170: =สรุปเวลาเรียน!X5
A171: =เวลาเรียน1!A8 | C171: =น้ำหนักส่วนสูง!B4 | Z171: =A171 | BA171: =IF(A171="","",IF(AY171+AZ171=ข้อมูลพื้นฐาน!$F$18+ข้อมูลพื้นฐาน!$G$18,"/","")) | BB171: =IF(A171="","",IF(BA171="/","","/")) | BC171: =สรุปเวลาเรียน!X6
A172: =เวลาเรียน1!A9 | C172: =น้ำหนักส่วนสูง!B5 | Z172: =A172 | BA172: =IF(A172="","",IF(AY172+AZ172=ข้อมูลพื้นฐาน!$F$18+ข้อมูลพื้นฐาน!$G$18,"/","")) | BB172: =IF(A172="","",IF(BA172="/","","/")) | BC172: =สรุปเวลาเรียน!X7
A173: =เวลาเรียน1!A10 | C173: =น้ำหนักส่วนสูง!B6 | Z173: =A173 | BA173: =IF(A173="","",IF(AY173+AZ173=ข้อมูลพื้นฐาน!$F$18+ข้อมูลพื้นฐาน!$G$18,"/","")) | BB173: =IF(A173="","",IF(BA173="/","","/")) | BC173: =สรุปเวลาเรียน!X8
A174: =เวลาเรียน1!A11 | C174: =น้ำหนักส่วนสูง!B7 | Z174: =A174 | BA174: =IF(A174="","",IF(AY174+AZ174=ข้อมูลพื้นฐาน!$F$18+ข้อมูลพื้นฐาน!$G$18,"/","")) | BB174: =IF(A174="","",IF(BA174="/","","/")) | BC174: =สรุปเวลาเรียน!X9
A175: =เวลาเรียน1!A12 | C175: =น้ำหนักส่วนสูง!B8 | Z175: =A175 | BA175: =IF(A175="","",IF(AY175+AZ175=ข้อมูลพื้นฐาน!$F$18+ข้อมูลพื้นฐาน!$G$18,"/","")) | BB175: =IF(A175="","",IF(BA175="/","","/")) | BC175: =สรุปเวลาเรียน!X10
A176: =เวลาเรียน1!A13 | C176: =น้ำหนักส่วนสูง!B9 | Z176: =A176 | BA176: =IF(A176="","",IF(AY176+AZ176=ข้อมูลพื้นฐาน!$F$18+ข้อมูลพื้นฐาน!$G$18,"/","")) | BB176: =IF(A176="","",IF(BA176="/","","/")) | BC176: =สรุปเวลาเรียน!X11
A177: =เวลาเรียน1!A14 | C177: =น้ำหนักส่วนสูง!B10 | Z177: =A177 | BA177: =IF(A177="","",IF(AY177+AZ177=ข้อมูลพื้นฐาน!$F$18+ข้อมูลพื้นฐาน!$G$18,"/","")) | BB177: =IF(A177="","",IF(BA177="/","","/")) | BC177: =สรุปเวลาเรียน!X12
A178: =เวลาเรียน1!A15 | C178: =น้ำหนักส่วนสูง!B11 | Z178: =A178 | BA178: =IF(A178="","",IF(AY178+AZ178=ข้อมูลพื้นฐาน!$F$18+ข้อมูลพื้นฐาน!$G$18,"/","")) | BB178: =IF(A178="","",IF(BA178="/","","/")) | BC178: =สรุปเวลาเรียน!X13
A179: =เวลาเรียน1!A16 | C179: =น้ำหนักส่วนสูง!B12 | Z179: =A179 | BA179: =IF(A179="","",IF(AY179+AZ179=ข้อมูลพื้นฐาน!$F$18+ข้อมูลพื้นฐาน!$G$18,"/","")) | BB179: =IF(A179="","",IF(BA179="/","","/")) | BC179: =สรุปเวลาเรียน!X14
A180: =เวลาเรียน1!A17 | C180: =น้ำหนักส่วนสูง!B13 | Z180: =A180 | BA180: =IF(A180="","",IF(AY180+AZ180=ข้อมูลพื้นฐาน!$F$18+ข้อมูลพื้นฐาน!$G$18,"/","")) | BB180: =IF(A180="","",IF(BA180="/","","/")) | BC180: =สรุปเวลาเรียน!X15
